yahoo,sector,industry,fetched_at
AAREYDRUGS.NS,Unclassified,,2026-10-08T00:48:21+05:30
AARNAV.NS,Unclassified,,2026-10-08T00:48:21+05:30
AVADHSUGAR.NS,Unclassified,,2026-10-08T00:48:21+05:30
BAFNAPH.NS,Unclassified,,2026-10-08T00:48:21+05:30
CPCAP.NS,Financial Services,Credit Services,2026-10-08T00:48:21+05:30
DELTACORP.NS,Consumer Services,Resorts & Casinos,2026-10-08T00:48:21+05:30
DMCC.NS,Chemicals,Chemicals,2026-10-08T00:48:21+05:30
DSKULKARNI.NS,Realty,Real Estate - Development,2026-10-08T00:48:21+05:30
EIMCOELECO.NS,Capital Goods,Farm & Heavy Construction Machinery,2026-10-08T00:48:21+05:30
FINEORG.NS,Chemicals,Specialty Chemicals,2026-10-08T00:48:21+05:30
GCSL.NS,Financial Services,Capital Markets,2026-10-08T00:48:21+05:30
GFSTEELS.NS,Metals & Mining,Steel,2026-10-08T00:48:21+05:30
GLOBAL.NS,Services,Education & Training Services,2026-10-08T00:48:21+05:30
GTECJAINX.NS,Services,Education & Training Services,2026-10-08T00:48:21+05:30
INDOAMIN.NS,Chemicals,Chemicals,2026-10-08T00:48:21+05:30
JAYKAY.NS,Services,Specialty Business Services,2026-10-08T00:48:21+05:30
KALYANI.NS,Automobile and Auto Components,Auto & Truck Dealerships,2026-10-08T00:48:21+05:30
KILITCH.NS,Healthcare,Drug Manufacturers - Specialty & Generic,2026-10-08T00:48:21+05:30
KINGFA.NS,Chemicals,Specialty Chemicals,2026-10-08T00:48:21+05:30
LOKESHMACH.NS,Capital Goods,Specialty Industrial Machinery,2026-10-08T00:48:21+05:30
MARINE.NS,Capital Goods,Electrical Equipment & Parts,2026-10-08T00:48:21+05:30
MBECL.NS,Construction,Engineering & Construction,2026-10-08T00:48:21+05:30
MMWL.NS,Media Entertainment & Publication,Entertainment,2026-10-08T00:48:21+05:30
MOREPENLAB.NS,Healthcare,Drug Manufacturers - Specialty & Generic,2026-10-08T00:48:21+05:30
OCCLLTD.NS,Chemicals,Chemicals,2026-10-08T00:48:21+05:30
ONELIFECAP.NS,Financial Services,Capital Markets,2026-10-08T00:48:21+05:30
OPTIEMUS.NS,Information Technology,Electronics & Computer Distribution,2026-10-08T00:48:21+05:30
PANACHE.NS,Information Technology,Communication Equipment,2026-10-08T00:48:21+05:30
RAMBHAJO.NS,Consumer Durables,Luxury Goods,2026-10-08T00:48:21+05:30
RAYMOND.NS,Capital Goods,Specialty Industrial Machinery,2026-10-08T00:48:21+05:30
ROSSTECH.NS,Capital Goods,Aerospace & Defense,2026-10-08T00:48:21+05:30
SBC.NS,Textiles,Apparel Manufacturing,2026-10-08T00:48:21+05:30
SHANTIGOLD.NS,Consumer Durables,Luxury Goods,2026-10-08T00:48:21+05:30
SMCGLOBAL.NS,Financial Services,Capital Markets,2026-10-08T00:48:21+05:30
SOMANYCERA.NS,Capital Goods,Building Products & Equipment,2026-10-08T00:48:21+05:30
SSWL.NS,Automobile and Auto Components,Auto Parts,2026-10-08T00:48:21+05:30
TATVA.NS,Chemicals,Specialty Chemicals,2026-10-08T00:48:21+05:30
UYFINCORP.NS,Financial Services,Credit Services,2026-10-08T00:48:21+05:30
VALIANTORG.NS,Chemicals,Chemicals,2026-10-08T00:48:21+05:30
YUKEN.NS,Capital Goods,Specialty Industrial Machinery,2026-10-08T00:48:21+05:30
AAKASH.NS,Oil Gas & Consumable Fuels,Oil & Gas Equipment & Services,2026-10-08T00:48:21+05:30
AASTHA.NS,Textiles,Textile Manufacturing,2026-10-08T00:48:21+05:30
AGRITECH.NS,Fast Moving Consumer Goods,Farm Products,2026-10-08T00:48:21+05:30
ALLTIME.NS,Fast Moving Consumer Goods,Household & Personal Products,2026-10-08T00:48:21+05:30
ASALCBR.NS,Fast Moving Consumer Goods,Beverages - Wineries & Distilleries,2026-10-08T00:48:21+05:30
BBL.NS,Capital Goods,Electrical Equipment & Parts,2026-10-08T00:48:21+05:30
BBTC.NS,Fast Moving Consumer Goods,Packaged Foods,2026-10-08T00:48:21+05:30
BIGBLOC.NS,Capital Goods,Building Products & Equipment,2026-10-08T00:48:21+05:30
BIKAJI.NS,Fast Moving Consumer Goods,Packaged Foods,2026-10-08T00:48:21+05:30
DEVIT.NS,Information Technology,Information Technology Services,2026-10-08T00:48:21+05:30
DHRUV.NS,Construction,Engineering & Construction,2026-10-08T00:48:21+05:30
DOLATALGO.NS,Financial Services,Capital Markets,2026-10-08T00:48:21+05:30
EFCIL.NS,Realty,Real Estate Services,2026-10-08T00:48:21+05:30
ELCIDIN.NS,Unclassified,,2026-10-08T00:48:21+05:30
EUROPRATIK.NS,Construction Materials,Building Materials,2026-10-08T00:48:21+05:30
GANESHCP.NS,Fast Moving Consumer Goods,Packaged Foods,2026-10-08T00:48:21+05:30
GAYAHWS.NS,Construction,Infrastructure Operations,2026-10-08T00:48:21+05:30
HEIDELBERG.NS,Construction Materials,Building Materials,2026-10-08T00:48:21+05:30
INDRAMEDCO.NS,Healthcare,Medical Care Facilities,2026-10-08T00:48:21+05:30
KELLTONTEC.NS,Information Technology,Software - Application,2026-10-08T00:48:21+05:30
MALLCOM.NS,Capital Goods,Security & Protection Services,2026-10-08T00:48:21+05:30
MASFIN.NS,Financial Services,Credit Services,2026-10-08T00:48:21+05:30
MINDTECK.NS,Information Technology,Information Technology Services,2026-10-08T00:48:21+05:30
NUCLEUS.NS,Information Technology,Software - Application,2026-10-08T00:48:21+05:30
OSWALAGRO.NS,Realty,Real Estate - Development,2026-10-08T00:48:21+05:30
PAKKA.NS,Forest Materials,Paper & Paper Products,2026-10-08T00:48:21+05:30
REPCOHOME.NS,Financial Services,Mortgage Finance,2026-10-08T00:48:21+05:30
REPL.NS,Services,Consulting Services,2026-10-08T00:48:21+05:30
RPPINFRA.NS,Construction,Engineering & Construction,2026-10-08T00:48:21+05:30
SAMBHAAV.NS,Media Entertainment & Publication,Publishing,2026-10-08T00:48:21+05:30
SUPREMEINF.NS,Construction,Engineering & Construction,2026-10-08T00:48:21+05:30
SURAJLTD.NS,Metals & Mining,Steel,2026-10-08T00:48:21+05:30
SYMPHONY.NS,Consumer Durables,"Furnishings, Fixtures & Appliances",2026-10-08T00:48:21+05:30
URAVIDEF.NS,Automobile and Auto Components,Auto Parts,2026-10-08T00:48:21+05:30
VASWANI.NS,Metals & Mining,Steel,2026-10-08T00:48:21+05:30
VERANDA.NS,Services,Education & Training Services,2026-10-08T00:48:21+05:30
20MICRONS.NS,Metals & Mining,Other Industrial Metals & Mining,2026-10-08T00:48:21+05:30
21STCENMGM.NS,Financial Services,Capital Markets,2026-10-08T00:48:21+05:30
3BBLACKBIO.NS,Healthcare,Biotechnology,2026-10-08T00:48:21+05:30
3IINFOLTD.NS,Information Technology,Information Technology Services,2026-10-08T00:48:21+05:30
3MINDIA.NS,Diversified,Conglomerates,2026-10-08T00:48:21+05:30
3PLAND.NS,Realty,Real Estate Services,2026-10-08T00:48:21+05:30
5PAISA.NS,Financial Services,Capital Markets,2026-10-08T00:48:21+05:30
63MOONS.NS,Information Technology,Software - Application,2026-10-08T00:48:21+05:30
A2ZINFRA.NS,Construction,Engineering & Construction,2026-10-08T00:48:21+05:30
AAATECH.NS,Information Technology,Information Technology Services,2026-10-08T00:48:21+05:30
AARON.NS,Capital Goods,Specialty Industrial Machinery,2026-10-08T00:48:21+05:30
AARTECH.NS,Capital Goods,Electrical Equipment & Parts,2026-10-08T00:48:21+05:30
AARTIDRUGS.NS,Healthcare,Drug Manufacturers - Specialty & Generic,2026-10-08T00:48:21+05:30
AARTISURF.NS,Chemicals,Specialty Chemicals,2026-10-08T00:48:21+05:30
AARVI.NS,Services,Staffing & Employment Services,2026-10-08T00:48:21+05:30
ABAN.NS,Oil Gas & Consumable Fuels,Oil & Gas Drilling,2026-10-08T00:48:21+05:30
ABANSENT.NS,Financial Services,Capital Markets,2026-10-08T00:48:21+05:30
ABCOTS.NS,Textiles,Textile Manufacturing,2026-10-08T00:48:21+05:30
ABINFRA.NS,Construction,Engineering & Construction,2026-10-08T00:48:21+05:30
ABMINTLLTD.NS,Chemicals,Specialty Chemicals,2026-10-08T00:48:21+05:30
ABMKNO.NS,Information Technology,Software - Application,2026-10-08T00:48:21+05:30
ACCELYA.NS,Information Technology,Information Technology Services,2026-10-08T00:48:21+05:30
ACCURACY.NS,Services,Integrated Freight & Logistics,2026-10-08T00:48:21+05:30
ACEINTEG.NS,Services,Staffing & Employment Services,2026-10-08T00:48:21+05:30
ACEVECTOR.NS,Consumer Services,Internet Retail,2026-10-08T00:48:21+05:30
ACGL.NS,Automobile and Auto Components,Auto Parts,2026-10-08T00:48:21+05:30
ACL.NS,Construction Materials,Building Materials,2026-10-08T00:48:21+05:30
ACSTECH.NS,Information Technology,Information Technology Services,2026-10-08T00:48:21+05:30
ADDIND.NS,Textiles,Textile Manufacturing,2026-10-08T00:48:21+05:30
ADFFOODS.NS,Fast Moving Consumer Goods,Packaged Foods,2026-10-08T00:48:21+05:30
ADL.NS,Consumer Durables,"Furnishings, Fixtures & Appliances",2026-10-08T00:48:21+05:30
ADOR.NS,Capital Goods,Specialty Industrial Machinery,2026-10-08T00:48:21+05:30
ADROITIND.NS,Automobile and Auto Components,Auto Parts,2026-10-08T00:48:21+05:30
ADROITINFO.NS,Information Technology,Information Technology Services,2026-10-08T00:48:21+05:30
ADSL.NS,Information Technology,Information Technology Services,2026-10-08T00:48:21+05:30
ADVAIT.NS,Capital Goods,Specialty Industrial Machinery,2026-10-08T00:48:21+05:30
ADVANCE.NS,Chemicals,Agricultural Inputs,2026-10-08T00:48:21+05:30
ADVANIHOTR.NS,Consumer Services,Lodging,2026-10-08T00:48:21+05:30
ADVENTHTL.NS,Consumer Services,Lodging,2026-10-08T00:48:21+05:30
ADVIKCA.NS,Financial Services,Credit Services,2026-10-08T00:48:21+05:30
AEPL.NS,Capital Goods,Electrical Equipment & Parts,2026-10-08T00:48:21+05:30
AEROENTER.NS,Metals & Mining,Steel,2026-10-08T00:48:21+05:30
AERONEU.NS,Consumer Services,Packaging & Containers,2026-10-08T00:48:21+05:30
AEROPLANE.NS,Fast Moving Consumer Goods,Farm Products,2026-10-08T00:48:21+05:30
AFFORDABLE.NS,Capital Goods,Specialty Industrial Machinery,2026-10-08T00:48:21+05:30
AFIL.NS,Financial Services,Credit Services,2026-10-08T00:48:21+05:30
AFSL.NS,Financial Services,Capital Markets,2026-10-08T00:48:21+05:30
AGARIND.NS,Chemicals,Specialty Chemicals,2026-10-08T00:48:21+05:30
AGARWALEYE.NS,Healthcare,Medical Instruments & Supplies,2026-10-08T00:48:21+05:30
AGASTYAEN.NS,Chemicals,Chemicals,2026-10-08T00:48:21+05:30
AGI.NS,Consumer Services,Packaging & Containers,2026-10-08T00:48:21+05:30
AGIIL.NS,Realty,Real Estate - Development,2026-10-08T00:48:21+05:30
AGL.NS,Services,Integrated Freight & Logistics,2026-10-08T00:48:21+05:30
AGROPHOS.NS,Chemicals,Agricultural Inputs,2026-10-08T00:48:21+05:30
AHCL.NS,Healthcare,Drug Manufacturers - Specialty & Generic,2026-10-08T00:48:21+05:30
AHLADA.NS,Capital Goods,Building Products & Equipment,2026-10-08T00:48:21+05:30
AHLEAST.NS,Consumer Services,Lodging,2026-10-08T00:48:21+05:30
AHLUCONT.NS,Construction,Engineering & Construction,2026-10-08T00:48:21+05:30
AHLWEST.NS,Consumer Services,Lodging,2026-10-08T00:48:21+05:30
AIRAN.NS,Information Technology,Information Technology Services,2026-10-08T00:48:21+05:30
AIROLAM.NS,Consumer Durables,"Furnishings, Fixtures & Appliances",2026-10-08T00:48:21+05:30
AJAXENGG.NS,Capital Goods,Farm & Heavy Construction Machinery,2026-10-08T00:48:21+05:30
AJMERA.NS,Realty,Real Estate - Development,2026-10-08T00:48:21+05:30
AJOONI.NS,Fast Moving Consumer Goods,Packaged Foods,2026-10-08T00:48:21+05:30
AKASH.NS,Construction,Engineering & Construction,2026-10-08T00:48:21+05:30
AKCAPIT.NS,Financial Services,Capital Markets,2026-10-08T00:48:21+05:30
AKG.NS,Capital Goods,Industrial Distribution,2026-10-08T00:48:21+05:30
AKI.NS,Textiles,Footwear & Accessories,2026-10-08T00:48:21+05:30
AKSHAR.NS,Textiles,Textile Manufacturing,2026-10-08T00:48:21+05:30
AKSHARCHEM.NS,Chemicals,Specialty Chemicals,2026-10-08T00:48:21+05:30
AKSHOPTFBR.NS,Information Technology,Communication Equipment,2026-10-08T00:48:21+05:30
ALANKIT.NS,Information Technology,Information Technology Services,2026-10-08T00:48:21+05:30
ALBERTDAVD.NS,Healthcare,Drug Manufacturers - Specialty & Generic,2026-10-08T00:48:21+05:30
ALEMBICLTD.NS,Realty,Real Estate - Development,2026-10-08T00:48:21+05:30
ALFREDHE.NS,Capital Goods,Specialty Industrial Machinery,2026-10-08T00:48:21+05:30
ALGOQUANT.NS,Financial Services,Capital Markets,2026-10-08T00:48:21+05:30
ALICON.NS,Metals & Mining,Metal Fabrication,2026-10-08T00:48:21+05:30
ALIVUS.NS,Healthcare,Drug Manufacturers - Specialty & Generic,2026-10-08T00:48:21+05:30
ALKALI.NS,Chemicals,Specialty Chemicals,2026-10-08T00:48:21+05:30
ALLCARGO.NS,Services,Integrated Freight & Logistics,2026-10-08T00:48:21+05:30
ALLDIGI.NS,Services,Specialty Business Services,2026-10-08T00:48:21+05:30
ALMONDZ.NS,Financial Services,Capital Markets,2026-10-08T00:48:21+05:30
ALOKINDS.NS,Textiles,Textile Manufacturing,2026-10-08T00:48:21+05:30
ALPA.NS,Healthcare,Drug Manufacturers - Specialty & Generic,2026-10-08T00:48:21+05:30
ALPHAGEO.NS,Oil Gas & Consumable Fuels,Oil & Gas Equipment & Services,2026-10-08T00:48:21+05:30
ALPINETEX.NS,Textiles,Textile Manufacturing,2026-10-08T00:48:21+05:30
ALUFLUOR.NS,Chemicals,Chemicals,2026-10-08T00:48:21+05:30
AMAL.NS,Chemicals,Chemicals,2026-10-08T00:48:21+05:30
AMANTA.NS,Healthcare,Drug Manufacturers - Specialty & Generic,2026-10-08T00:48:21+05:30
AMARJOTHI.NS,Textiles,Textile Manufacturing,2026-10-08T00:48:21+05:30
AMBALALSA.NS,Healthcare,Drug Manufacturers - Specialty & Generic,2026-10-08T00:48:21+05:30
AMBICAAGAR.NS,Fast Moving Consumer Goods,Household & Personal Products,2026-10-08T00:48:21+05:30
AMBIKCO.NS,Textiles,Textile Manufacturing,2026-10-08T00:48:21+05:30
AMDIND.NS,Consumer Services,Packaging & Containers,2026-10-08T00:48:21+05:30
AMJLAND.NS,Realty,Real Estate - Development,2026-10-08T00:48:21+05:30
AMNPLST.NS,Chemicals,Chemicals,2026-10-08T00:48:21+05:30
AMRUTANJAN.NS,Healthcare,Drug Manufacturers - Specialty & Generic,2026-10-08T00:48:21+05:30
ANDHRAPAP.NS,Forest Materials,Paper & Paper Products,2026-10-08T00:48:21+05:30
ANDHRSUGAR.NS,Chemicals,Chemicals,2026-10-08T00:48:21+05:30
ANDREWYU.NS,Fast Moving Consumer Goods,Farm Products,2026-10-08T00:48:21+05:30
ANIKINDS.NS,Fast Moving Consumer Goods,Food Distribution,2026-10-08T00:48:21+05:30
ANMOL.NS,Oil Gas & Consumable Fuels,Thermal Coal,2026-10-08T00:48:21+05:30
ANNAPURNA.NS,Fast Moving Consumer Goods,Packaged Foods,2026-10-08T00:48:21+05:30
ANNU.NS,Construction,Infrastructure Operations,2026-10-08T00:48:21+05:30
ANSALBU.NS,Realty,Real Estate - Development,2026-10-08T00:48:21+05:30
ANTELOPUS.NS,Oil Gas & Consumable Fuels,Oil & Gas E&P,2026-10-08T00:48:21+05:30
ANTGRAPHIC.NS,Consumer Services,Packaging & Containers,2026-10-08T00:48:21+05:30
ANUHPHR.NS,Healthcare,Drug Manufacturers - Specialty & Generic,2026-10-08T00:48:21+05:30
ANUP.NS,Capital Goods,Specialty Industrial Machinery,2026-10-08T00:48:21+05:30
AONESTEELS.NS,Metals & Mining,Steel,2026-10-08T00:48:21+05:30
APCL.NS,Construction Materials,Building Materials,2026-10-08T00:48:21+05:30
APCOTEXIND.NS,Chemicals,Specialty Chemicals,2026-10-08T00:48:21+05:30
APEX.NS,Fast Moving Consumer Goods,Farm Products,2026-10-08T00:48:21+05:30
APLLTD.NS,Healthcare,Drug Manufacturers - Specialty & Generic,2026-10-08T00:48:21+05:30
APOLLOPIPE.NS,Capital Goods,Building Products & Equipment,2026-10-08T00:48:21+05:30
APOLSINHOT.NS,Services,Specialty Business Services,2026-10-08T00:48:21+05:30
APOORVA.NS,Financial Services,Capital Markets,2026-10-08T00:48:21+05:30
APTECHT.NS,Services,Education & Training Services,2026-10-08T00:48:21+05:30
AQYLON.NS,Media Entertainment & Publication,Broadcasting,2026-10-08T00:48:21+05:30
ARCHIDPLY.NS,Forest Materials,Lumber & Wood Production,2026-10-08T00:48:21+05:30
ARCHIES.NS,Consumer Services,Specialty Retail,2026-10-08T00:48:21+05:30
ARCIL.NS,Financial Services,Asset Management,2026-10-08T00:48:21+05:30
ARCL.NS,Chemicals,Specialty Chemicals,2026-10-08T00:48:21+05:30
ARDEE.NS,Metals & Mining,Metal Fabrication,2026-10-08T00:48:21+05:30
ARENTERP.NS,Unclassified,,2026-10-08T00:48:21+05:30
ARFIN.NS,Unclassified,,2026-10-08T00:48:21+05:30
ARIES.NS,Unclassified,,2026-10-08T00:48:21+05:30
ARIHANT.NS,Unclassified,,2026-10-08T00:48:21+05:30
ARIHANTCAP.NS,Unclassified,,2026-10-08T00:48:21+05:30
ARIHANTSUP.NS,Unclassified,,2026-10-08T00:48:21+05:30
ARIS.NS,Unclassified,,2026-10-08T00:48:21+05:30
ARKADE.NS,Unclassified,,2026-10-08T00:48:21+05:30
ARMANFIN.NS,Unclassified,,2026-10-08T00:48:21+05:30
ARMEE.NS,Unclassified,,2026-10-08T00:48:21+05:30
AROGRANITE.NS,Unclassified,,2026-10-08T00:48:21+05:30
ARROWGREEN.NS,Unclassified,,2026-10-08T00:48:21+05:30
ARSSBL.NS,Unclassified,,2026-10-08T00:48:21+05:30
ARTEMISMED.NS,Unclassified,,2026-10-08T00:48:21+05:30
ARTNIRMAN.NS,Unclassified,,2026-10-08T00:48:21+05:30
ARVEE.NS,Unclassified,,2026-10-08T00:48:21+05:30
ARVSMART.NS,Unclassified,,2026-10-08T00:48:21+05:30
ARYAMAN.NS,Unclassified,,2026-10-08T00:48:21+05:30
ASAHISONG.NS,Unclassified,,2026-10-08T00:48:21+05:30
ASAL.NS,Unclassified,,2026-10-08T00:48:21+05:30
ASHIANA.NS,Unclassified,,2026-10-08T00:48:21+05:30
ASHIKAG.NS,Unclassified,,2026-10-08T00:48:21+05:30
ASHIMASYN.NS,Unclassified,,2026-10-08T00:48:21+05:30
ASHOKAMET.NS,Unclassified,,2026-10-08T00:48:21+05:30
ASIANENE.NS,Unclassified,,2026-10-08T00:48:21+05:30
ASIANHOTNR.NS,Unclassified,,2026-10-08T00:48:21+05:30
ASIANTILES.NS,Unclassified,,2026-10-08T00:48:21+05:30
ASIANTNE.NS,Unclassified,,2026-10-08T00:48:21+05:30
ASKAUTOLTD.NS,Unclassified,,2026-10-08T00:48:21+05:30
ASMS.NS,Unclassified,,2026-10-08T00:48:21+05:30
ASPINWALL.NS,Unclassified,,2026-10-08T00:48:21+05:30
ASSAMENT.NS,Unclassified,,2026-10-08T00:48:21+05:30
ASTAR.NS,Unclassified,,2026-10-08T00:48:21+05:30
ASTEC.NS,Unclassified,,2026-10-08T00:48:21+05:30
ASTRAZEN.NS,Healthcare,Drug Manufacturers - Specialty & Generic,2026-10-08T00:48:21+05:30
ATALREAL.NS,Construction,Engineering & Construction,2026-10-08T00:48:21+05:30
ATAM.NS,Capital Goods,Specialty Industrial Machinery,2026-10-08T00:48:21+05:30
ATL.NS,Services,Integrated Freight & Logistics,2026-10-08T00:48:21+05:30
ATLANTAA.NS,Construction,Infrastructure Operations,2026-10-08T00:48:21+05:30
ATLASCYCLE.NS,Consumer Services,Leisure,2026-10-08T00:48:21+05:30
ATULAUTO.NS,Automobile and Auto Components,Auto Manufacturers,2026-10-08T00:48:21+05:30
AUGMONT.NS,Consumer Durables,Luxury Goods,2026-10-08T00:48:21+05:30
AURUM.NS,Realty,Real Estate Services,2026-10-08T00:48:21+05:30
AURUS.NS,Consumer Durables,Luxury Goods,2026-10-08T00:48:21+05:30
AUSOMENT.NS,Financial Services,Capital Markets,2026-10-08T00:48:21+05:30
AUSTENG.NS,Capital Goods,Tools & Accessories,2026-10-08T00:48:21+05:30
AUTOAXLES.NS,Automobile and Auto Components,Auto Parts,2026-10-08T00:48:21+05:30
AUTOIND.NS,Automobile and Auto Components,Auto Parts,2026-10-08T00:48:21+05:30
AVANCE.NS,Information Technology,Information Technology Services,2026-10-08T00:48:21+05:30
AVANTEL.NS,Information Technology,Communication Equipment,2026-10-08T00:48:21+05:30
AVG.NS,Services,Integrated Freight & Logistics,2026-10-08T00:48:21+05:30
AVONMORE.NS,Financial Services,Capital Markets,2026-10-08T00:48:21+05:30
AVROIND.NS,Consumer Durables,"Furnishings, Fixtures & Appliances",2026-10-08T00:48:21+05:30
AVTNPL.NS,Chemicals,Specialty Chemicals,2026-10-08T00:48:21+05:30
AWFIS.NS,Services,Rental & Leasing Services,2026-10-08T00:48:21+05:30
AWHCL.NS,Capital Goods,Waste Management,2026-10-08T00:48:21+05:30
AXITA.NS,Textiles,Textile Manufacturing,2026-10-08T00:48:21+05:30
AXTEL.NS,Capital Goods,Specialty Industrial Machinery,2026-10-08T00:48:21+05:30
AYE.NS,Financial Services,Credit Services,2026-10-08T00:48:21+05:30
AYMSYNTEX.NS,Textiles,Textile Manufacturing,2026-10-08T00:48:21+05:30
AZADIND.NS,Metals & Mining,Steel,2026-10-08T00:48:21+05:30
BAGFILMS.NS,Media Entertainment & Publication,Broadcasting,2026-10-08T00:48:21+05:30
BAIDFIN.NS,Financial Services,Credit Services,2026-10-08T00:48:21+05:30
BAJAJELEC.NS,Consumer Durables,"Furnishings, Fixtures & Appliances",2026-10-08T00:48:21+05:30
BAJAJHCARE.NS,Healthcare,Drug Manufacturers - Specialty & Generic,2026-10-08T00:48:21+05:30
BAJAJHIND.NS,Fast Moving Consumer Goods,Confectioners,2026-10-08T00:48:21+05:30
BAJAJINDEF.NS,Capital Goods,Farm & Heavy Construction Machinery,2026-10-08T00:48:21+05:30
BAJAJST.NS,Capital Goods,Specialty Industrial Machinery,2026-10-08T00:48:21+05:30
BAJEL.NS,Power,Utilities - Regulated Electric,2026-10-08T00:48:21+05:30
BALAJEE.NS,Consumer Services,Packaging & Containers,2026-10-08T00:48:21+05:30
BALAJITELE.NS,Media Entertainment & Publication,Entertainment,2026-10-08T00:48:21+05:30
BALAXI.NS,Healthcare,Drug Manufacturers - Specialty & Generic,2026-10-08T00:48:21+05:30
BALKRISHNA.NS,Consumer Services,Packaging & Containers,2026-10-08T00:48:21+05:30
BALMLAWRIE.NS,Diversified,Conglomerates,2026-10-08T00:48:21+05:30
BALPHARMA.NS,Healthcare,Drug Manufacturers - Specialty & Generic,2026-10-08T00:48:21+05:30
BANARBEADS.NS,Textiles,Footwear & Accessories,2026-10-08T00:48:21+05:30
BANARISUG.NS,Fast Moving Consumer Goods,Confectioners,2026-10-08T00:48:21+05:30
BANG.NS,Textiles,Apparel Manufacturing,2026-10-08T00:48:21+05:30
BANKA.NS,Capital Goods,Pollution & Treatment Controls,2026-10-08T00:48:21+05:30
BANSALWIRE.NS,Metals & Mining,Steel,2026-10-08T00:48:21+05:30
BANSWRAS.NS,Textiles,Textile Manufacturing,2026-10-08T00:48:21+05:30
BASF.NS,Chemicals,Specialty Chemicals,2026-10-08T00:48:21+05:30
BASML.NS,Textiles,Textile Manufacturing,2026-10-08T00:48:21+05:30
BATLIBOI.NS,Capital Goods,Specialty Industrial Machinery,2026-10-08T00:48:21+05:30
BAYERCROP.NS,Chemicals,Agricultural Inputs,2026-10-08T00:48:21+05:30
BBTCL.NS,Consumer Services,Packaging & Containers,2026-10-08T00:48:21+05:30
BCG.NS,Media Entertainment & Publication,Advertising Agencies,2026-10-08T00:48:21+05:30
BCLIND.NS,Fast Moving Consumer Goods,Beverages - Wineries & Distilleries,2026-10-08T00:48:21+05:30
BCONCEPTS.NS,Textiles,Footwear & Accessories,2026-10-08T00:48:21+05:30
BCPL.NS,Construction,Infrastructure Operations,2026-10-08T00:48:21+05:30
BEARDSELL.NS,Capital Goods,Building Products & Equipment,2026-10-08T00:48:21+05:30
BEDMUTHA.NS,Metals & Mining,Steel,2026-10-08T00:48:21+05:30
BEEKAY.NS,Metals & Mining,Steel,2026-10-08T00:48:21+05:30
BELLACASA.NS,Textiles,Textile Manufacturing,2026-10-08T00:48:21+05:30
BENARAS.NS,Consumer Services,Lodging,2026-10-08T00:48:21+05:30
BENGALASM.NS,Automobile and Auto Components,Auto Parts,2026-10-08T00:48:21+05:30
BEPL.NS,Chemicals,Chemicals,2026-10-08T00:48:21+05:30
BESTAGRO.NS,Chemicals,Agricultural Inputs,2026-10-08T00:48:21+05:30
BETA.NS,Healthcare,Drug Manufacturers - Specialty & Generic,2026-10-08T00:48:21+05:30
BFINVEST.NS,Financial Services,Asset Management,2026-10-08T00:48:21+05:30
BFUTILITIE.NS,Construction,Infrastructure Operations,2026-10-08T00:48:21+05:30
BGRENERGY.NS,Construction,Engineering & Construction,2026-10-08T00:48:21+05:30
BHAGCHEM.NS,Chemicals,Agricultural Inputs,2026-10-08T00:48:21+05:30
BHAGERIA.NS,Chemicals,Specialty Chemicals,2026-10-08T00:48:21+05:30
BHAGYANGR.NS,Metals & Mining,Copper,2026-10-08T00:48:21+05:30
BHANDARI.NS,Textiles,Apparel Manufacturing,2026-10-08T00:48:21+05:30
BHARATGEAR.NS,Automobile and Auto Components,Auto Parts,2026-10-08T00:48:21+05:30
BHARATRAS.NS,Chemicals,Agricultural Inputs,2026-10-08T00:48:21+05:30
BHARATSE.NS,Automobile and Auto Components,Auto Parts,2026-10-08T00:48:21+05:30
BHARATWIRE.NS,Metals & Mining,Steel,2026-10-08T00:48:21+05:30
BI.NS,Consumer Services,Packaging & Containers,2026-10-08T00:48:21+05:30
BIL.NS,Textiles,Footwear & Accessories,2026-10-08T00:48:21+05:30
BILVYAPAR.NS,Chemicals,Specialty Chemicals,2026-10-08T00:48:21+05:30
BIMETAL.NS,Automobile and Auto Components,Auto Parts,2026-10-08T00:48:21+05:30
BIOFILCHEM.NS,Healthcare,Drug Manufacturers - Specialty & Generic,2026-10-08T00:48:21+05:30
BIRLACABLE.NS,Information Technology,Communication Equipment,2026-10-08T00:48:21+05:30
BIRLAMONEY.NS,Financial Services,Capital Markets,2026-10-08T00:48:21+05:30
BIRLANU.NS,Capital Goods,Building Products & Equipment,2026-10-08T00:48:21+05:30
BIRLAPREC.NS,Capital Goods,Tools & Accessories,2026-10-08T00:48:21+05:30
BLACKROSE.NS,Chemicals,Specialty Chemicals,2026-10-08T00:48:21+05:30
BLAL.NS,Financial Services,Shell Companies,2026-10-08T00:48:21+05:30
BLBLIMITED.NS,Financial Services,Capital Markets,2026-10-08T00:48:21+05:30
BLEL.NS,Metals & Mining,Steel,2026-10-08T00:48:21+05:30
BLIL.NS,Diversified,Conglomerates,2026-10-08T00:48:21+05:30
BLISSGVS.NS,Healthcare,Drug Manufacturers - Specialty & Generic,2026-10-08T00:48:21+05:30
BLKASHYAP.NS,Construction,Engineering & Construction,2026-10-08T00:48:21+05:30
BLSE.NS,Services,Specialty Business Services,2026-10-08T00:48:21+05:30
BLUECLOUDS.NS,Information Technology,Information Technology Services,2026-10-08T00:48:21+05:30
BLUECOAST.NS,Consumer Services,Lodging,2026-10-08T00:48:21+05:30
BLUEDART.NS,Services,Integrated Freight & Logistics,2026-10-08T00:48:21+05:30
BLUSPRING.NS,Services,Specialty Business Services,2026-10-08T00:48:21+05:30
BMWVENTLTD.NS,Metals & Mining,Steel,2026-10-08T00:48:21+05:30
BNAGROCHEM.NS,Fast Moving Consumer Goods,Packaged Foods,2026-10-08T00:48:21+05:30
BNALTD.NS,Fast Moving Consumer Goods,Packaged Foods,2026-10-08T00:48:21+05:30
BODALCHEM.NS,Chemicals,Specialty Chemicals,2026-10-08T00:48:21+05:30
BOHRAIND.NS,Chemicals,Agricultural Inputs,2026-10-08T00:48:21+05:30
BOMDYEING.NS,Textiles,Textile Manufacturing,2026-10-08T00:48:21+05:30
BONLON.NS,Metals & Mining,Other Industrial Metals & Mining,2026-10-08T00:48:21+05:30
BORANA.NS,Textiles,Textile Manufacturing,2026-10-08T00:48:21+05:30
BOROLTD.NS,Consumer Durables,"Furnishings, Fixtures & Appliances",2026-10-08T00:48:21+05:30
BOROSCI.NS,Consumer Services,Packaging & Containers,2026-10-08T00:48:21+05:30
BOSCH-HCIL.NS,Consumer Durables,"Furnishings, Fixtures & Appliances",2026-10-08T00:48:21+05:30
BPL.NS,Consumer Durables,Consumer Electronics,2026-10-08T00:48:21+05:30
BPLPHARMA.NS,Healthcare,Drug Manufacturers - Specialty & Generic,2026-10-08T00:48:21+05:30
BRAHMINFRA.NS,Construction,Engineering & Construction,2026-10-08T00:48:21+05:30
BRIGHOTEL.NS,Consumer Services,Lodging,2026-10-08T00:48:21+05:30
BRIGHTBR.NS,Chemicals,Specialty Chemicals,2026-10-08T00:48:21+05:30
BRNL.NS,Construction,Infrastructure Operations,2026-10-08T00:48:21+05:30
BROOKS.NS,Healthcare,Drug Manufacturers - Specialty & Generic,2026-10-08T00:48:21+05:30
BSHSL.NS,Chemicals,Agricultural Inputs,2026-10-08T00:48:21+05:30
BSL.NS,Textiles,Textile Manufacturing,2026-10-08T00:48:21+05:30
BTML.NS,Media Entertainment & Publication,Entertainment,2026-10-08T00:48:21+05:30
BTTL.NS,Textiles,Textile Manufacturing,2026-10-08T00:48:21+05:30
BUILDPRO.NS,Consumer Durables,Home Improvement Retail,2026-10-08T00:48:21+05:30
BURNPUR.NS,Construction Materials,Building Materials,2026-10-08T00:48:21+05:30
BUTTERFLY.NS,Consumer Durables,"Furnishings, Fixtures & Appliances",2026-10-08T00:48:21+05:30
BVCL.NS,Construction Materials,Building Materials,2026-10-08T00:48:21+05:30
BYKE.NS,Consumer Services,Lodging,2026-10-08T00:48:21+05:30
CALSOFT.NS,Information Technology,Software - Application,2026-10-08T00:48:21+05:30
CAMLINFINE.NS,Chemicals,Specialty Chemicals,2026-10-08T00:48:21+05:30
CANTABIL.NS,Textiles,Apparel Manufacturing,2026-10-08T00:48:21+05:30
CAPACITE.NS,Construction,Engineering & Construction,2026-10-08T00:48:21+05:30
CAPITALSFB.NS,Financial Services,Banks - Regional,2026-10-08T00:48:21+05:30
CAPTRUST.NS,Financial Services,Credit Services,2026-10-08T00:48:21+05:30
CARERATING.NS,Financial Services,Financial Data & Stock Exchanges,2026-10-08T00:48:21+05:30
CARRARO.NS,Automobile and Auto Components,Auto Parts,2026-10-08T00:48:21+05:30
CARYSIL.NS,Consumer Durables,"Furnishings, Fixtures & Appliances",2026-10-08T00:48:21+05:30
CCCL.NS,Construction,Engineering & Construction,2026-10-08T00:48:21+05:30
CCHHL.NS,Consumer Services,Lodging,2026-10-08T00:48:21+05:30
CEINSYS.NS,Construction,Engineering & Construction,2026-10-08T00:48:21+05:30
CELEBRITY.NS,Textiles,Apparel Manufacturing,2026-10-08T00:48:21+05:30
CENTENKA.NS,Textiles,Textile Manufacturing,2026-10-08T00:48:21+05:30
CENTEXT.NS,Metals & Mining,Aluminum,2026-10-08T00:48:21+05:30
CENTEXT-RE.NS,Unclassified,,2026-10-08T00:48:21+05:30
CENTRUM.NS,Financial Services,Financial Conglomerates,2026-10-08T00:48:21+05:30
CENTURYPLY.NS,Forest Materials,Lumber & Wood Production,2026-10-08T00:48:21+05:30
CEWATER.NS,Power,Utilities - Regulated Water,2026-10-08T00:48:21+05:30
CFEL.NS,Oil Gas & Consumable Fuels,Utilities - Regulated Gas,2026-10-08T00:48:21+05:30
CGVAK.NS,Information Technology,Software - Application,2026-10-08T00:48:21+05:30
CHEMBOND.NS,Chemicals,Specialty Chemicals,2026-10-08T00:48:21+05:30
CHEMBONDCH.NS,Chemicals,Specialty Chemicals,2026-10-08T00:48:21+05:30
CHEMCON.NS,Chemicals,Specialty Chemicals,2026-10-08T00:48:21+05:30
CHEMCRUX.NS,Chemicals,Specialty Chemicals,2026-10-08T00:48:21+05:30
CHEMFAB.NS,Chemicals,Specialty Chemicals,2026-10-08T00:48:21+05:30
CHEMPLASTS.NS,Chemicals,Chemicals,2026-10-08T00:48:21+05:30
CHEVIOT.NS,Textiles,Textile Manufacturing,2026-10-08T00:48:21+05:30
CIFL.NS,Financial Services,Credit Services,2026-10-08T00:48:21+05:30
CINELINE.NS,Media Entertainment & Publication,Entertainment,2026-10-08T00:48:21+05:30
CINEVISTA.NS,Media Entertainment & Publication,Entertainment,2026-10-08T00:48:21+05:30
CLEDUCATE.NS,Services,Education & Training Services,2026-10-08T00:48:21+05:30
CLSEL.NS,Fast Moving Consumer Goods,Packaged Foods,2026-10-08T00:48:21+05:30
CMLL.NS,Oil Gas & Consumable Fuels,Thermal Coal,2026-10-08T00:48:21+05:30
CNL.NS,Information Technology,Electronics & Computer Distribution,2026-10-08T00:48:21+05:30
COASTCORP.NS,Fast Moving Consumer Goods,Packaged Foods,2026-10-08T00:48:21+05:30
COCKERILL.NS,Metals & Mining,Metal Fabrication,2026-10-08T00:48:21+05:30
COFFEEDAY.NS,Consumer Services,Restaurants,2026-10-08T00:48:21+05:30
COMFINTE.NS,Diversified,Conglomerates,2026-10-08T00:48:21+05:30
COMPEAU.NS,Automobile and Auto Components,Auto & Truck Dealerships,2026-10-08T00:48:21+05:30
COMPUSOFT.NS,Services,Education & Training Services,2026-10-08T00:48:21+05:30
COMSYN.NS,Consumer Services,Packaging & Containers,2026-10-08T00:48:21+05:30
CYIENTDLM.NS,Unclassified,,2026-10-09T00:44:38+05:30
DBOL.NS,Unclassified,,2026-10-09T00:44:38+05:30
DPABHUSHAN.NS,Unclassified,,2026-10-09T00:44:38+05:30
FILATEX.NS,Unclassified,,2026-10-09T00:44:38+05:30
HITECHCORP.NS,Unclassified,,2026-10-09T00:44:38+05:30
IOLCP.NS,Unclassified,,2026-10-09T00:44:38+05:30
IVP.NS,Unclassified,,2026-10-09T00:44:38+05:30
MANALIPETC.NS,Unclassified,,2026-10-09T00:44:38+05:30
MMP.NS,Unclassified,,2026-10-09T00:44:38+05:30
MUKANDLTD.NS,Unclassified,,2026-10-09T00:44:38+05:30
OILCOUNTUB.NS,Unclassified,,2026-10-09T00:44:38+05:30
ORIENTBELL.NS,Unclassified,,2026-10-09T00:44:38+05:30
PNGSREVA.NS,Unclassified,,2026-10-09T00:44:38+05:30
RUBYMILLS.NS,Unclassified,,2026-10-09T00:44:38+05:30
SPECTRUM.NS,Unclassified,,2026-10-09T00:44:38+05:30
TEXINFRA.NS,Unclassified,,2026-10-09T00:44:38+05:30
TFCILTD.NS,Unclassified,,2026-10-09T00:44:38+05:30
ZIMLAB.NS,Unclassified,,2026-10-09T00:44:38+05:30
DPSCLTD.NS,Unclassified,,2026-10-09T00:44:38+05:30
ELIN.NS,Unclassified,,2026-10-09T00:44:38+05:30
ENIL.NS,Unclassified,,2026-10-09T00:44:38+05:30
ESSENTIA.NS,Unclassified,,2026-10-09T00:44:38+05:30
GHCL.NS,Unclassified,,2026-10-09T00:44:38+05:30
GOODYEAR.NS,Unclassified,,2026-10-09T00:44:38+05:30
HUBTOWN.NS,Unclassified,,2026-10-09T00:44:38+05:30
LEXUS.NS,Unclassified,,2026-10-09T00:44:38+05:30
METROBRAND.NS,Unclassified,,2026-10-09T00:44:38+05:30
OMINFRAL.NS,Unclassified,,2026-10-09T00:44:38+05:30
ORIENTCEM.NS,Unclassified,,2026-10-09T00:44:38+05:30
PRAKASHSTL.NS,Unclassified,,2026-10-09T00:44:38+05:30
SECURKLOUD.NS,Unclassified,,2026-10-09T00:44:38+05:30
STARCEMENT.NS,Unclassified,,2026-10-09T00:44:38+05:30
TREJHARA.NS,Unclassified,,2026-10-09T00:44:38+05:30
TVSHLTD.NS,Unclassified,,2026-10-09T00:44:38+05:30
UNITEDTEA.NS,Unclassified,,2026-10-09T00:44:38+05:30
VINATIORGA.NS,Unclassified,,2026-10-09T00:44:38+05:30
VINNY.NS,Unclassified,,2026-10-09T00:44:38+05:30
GERMAN.NS,Unclassified,,2026-10-09T00:44:38+05:30
CONFIPET.NS,Unclassified,,2026-10-09T00:44:38+05:30
CONSOFINVT.NS,Unclassified,,2026-10-09T00:44:38+05:30
CONTROLPR.NS,Unclassified,,2026-10-09T00:44:38+05:30
CORALFINAC.NS,Unclassified,,2026-10-09T00:44:38+05:30
CORDELIA.NS,Unclassified,,2026-10-09T00:44:38+05:30
CORDSCABLE.NS,Unclassified,,2026-10-09T00:44:38+05:30
CORONA.NS,Unclassified,,2026-10-09T00:44:38+05:30
COSMOFIRST.NS,Unclassified,,2026-10-09T00:44:38+05:30
COUNCODOS.NS,Unclassified,,2026-10-09T00:44:38+05:30
CPEDU.NS,Unclassified,,2026-10-09T00:44:38+05:30
CPL.NS,Unclassified,,2026-10-09T00:44:38+05:30
CRAVATEX.NS,Unclassified,,2026-10-09T00:44:38+05:30
CREATIVEYE.NS,Unclassified,,2026-10-09T00:44:38+05:30
CREST.NS,Unclassified,,2026-10-09T00:44:38+05:30
CRESTO.NS,Unclassified,,2026-10-09T00:44:38+05:30
CRIZAC.NS,Unclassified,,2026-10-09T00:44:38+05:30
CROWN.NS,Unclassified,,2026-10-09T00:44:38+05:30
CSLFINANCE.NS,Unclassified,,2026-10-09T00:44:38+05:30
CSM.NS,Unclassified,,2026-10-09T00:44:38+05:30
CTE.NS,Unclassified,,2026-10-09T00:44:38+05:30
CUBEXTUB.NS,Unclassified,,2026-10-09T00:44:38+05:30
CURAA.NS,Unclassified,,2026-10-09T00:44:38+05:30
CYBERMEDIA.NS,Unclassified,,2026-10-09T00:44:38+05:30
CYBERTECH.NS,Unclassified,,2026-10-09T00:44:38+05:30
DAICHI.NS,Unclassified,,2026-10-09T00:44:38+05:30
DALMIASUG.NS,Unclassified,,2026-10-09T00:44:38+05:30
DAMCAPITAL.NS,Unclassified,,2026-10-09T00:44:38+05:30
DAMODARIND.NS,Unclassified,,2026-10-09T00:44:38+05:30
DANGEE.NS,Unclassified,,2026-10-09T00:44:38+05:30
DAVANGERE.NS,Unclassified,,2026-10-09T00:44:38+05:30
DBCORP.NS,Unclassified,,2026-10-09T00:44:38+05:30
DBEIL.NS,Unclassified,,2026-10-09T00:44:38+05:30
DBSTOCKBRO.NS,Unclassified,,2026-10-09T00:44:38+05:30
DCAL.NS,Unclassified,,2026-10-09T00:44:38+05:30
DCI.NS,Unclassified,,2026-10-09T00:44:38+05:30
DCM.NS,Unclassified,,2026-10-09T00:44:38+05:30
DCMFINSERV.NS,Unclassified,,2026-10-09T00:44:38+05:30
DCMNVL.NS,Unclassified,,2026-10-09T00:44:38+05:30
DCMSHRIRAM.NS,Unclassified,,2026-10-09T00:44:38+05:30
DCMSIL.NS,Unclassified,,2026-10-09T00:44:38+05:30
DCMSRIND.NS,Unclassified,,2026-10-09T00:44:38+05:30
DCW.NS,Unclassified,,2026-10-09T00:44:38+05:30
DCXINDIA.NS,Unclassified,,2026-10-09T00:44:38+05:30
DDEVPLSTIK.NS,Unclassified,,2026-10-09T00:44:38+05:30
DECCANCE.NS,Unclassified,,2026-10-09T00:44:38+05:30
DECNGOLD.NS,Unclassified,,2026-10-09T00:44:38+05:30
DEEDEV.NS,Unclassified,,2026-10-09T00:44:38+05:30
DEEP.NS,Unclassified,,2026-10-09T00:44:38+05:30
DEEPA.NS,Unclassified,,2026-10-09T00:44:38+05:30
DEEPINDS.NS,Unclassified,,2026-10-09T00:44:38+05:30
DELPHIFX.NS,Unclassified,,2026-10-09T00:44:38+05:30
DELTAMAGNT.NS,Unclassified,,2026-10-09T00:44:38+05:30
DEN.NS,Unclassified,,2026-10-09T00:44:38+05:30
DENORA.NS,Unclassified,,2026-10-09T00:44:38+05:30
DENTA.NS,Unclassified,,2026-10-09T00:44:38+05:30
DEVX.NS,Unclassified,,2026-10-09T00:44:38+05:30
DGCONTENT.NS,Unclassified,,2026-10-09T00:44:38+05:30
DHABRIYA.NS,Unclassified,,2026-10-09T00:44:38+05:30
DHAMPURSUG.NS,Unclassified,,2026-10-09T00:44:38+05:30
DHANBANK.NS,Unclassified,,2026-10-09T00:44:38+05:30
DHANUKA.NS,Unclassified,,2026-10-09T00:44:38+05:30
DHARMAJ.NS,Unclassified,,2026-10-09T00:44:38+05:30
DHATRE.NS,Unclassified,,2026-10-09T00:44:38+05:30
DHOOTTRANS.NS,Unclassified,,2026-10-09T00:44:38+05:30
DHUNINV.NS,Unclassified,,2026-10-09T00:44:38+05:30
DIAMINESQ.NS,Unclassified,,2026-10-09T00:44:38+05:30
DIAMONDYD.NS,Unclassified,,2026-10-09T00:44:38+05:30
DICIND.NS,Unclassified,,2026-10-09T00:44:38+05:30
DIFFNKG.NS,Unclassified,,2026-10-09T00:44:38+05:30
DIGIDRIVE.NS,Unclassified,,2026-10-09T00:44:38+05:30
DIGISPICE.NS,Unclassified,,2026-10-09T00:44:38+05:30
DIGITIDE.NS,Unclassified,,2026-10-09T00:44:38+05:30
DIGJAMLMTD.NS,Unclassified,,2026-10-09T00:44:38+05:30
DISAQ.NS,Unclassified,,2026-10-09T00:44:38+05:30
DISHTV.NS,Unclassified,,2026-10-09T00:44:38+05:30
DIVGIITTS.NS,Unclassified,,2026-10-09T00:44:38+05:30
DJML.NS,Unclassified,,2026-10-09T00:44:38+05:30
DLINKINDIA.NS,Unclassified,,2026-10-09T00:44:38+05:30
DNAMEDIA.NS,Unclassified,,2026-10-09T00:44:38+05:30
DODLA.NS,Unclassified,,2026-10-09T00:44:38+05:30
DOLLAR.NS,Unclassified,,2026-10-09T00:44:38+05:30
DOLLEX.NS,Unclassified,,2026-10-09T00:44:38+05:30
DOLPHIN.NS,Unclassified,,2026-10-09T00:44:38+05:30
DONEAR.NS,Unclassified,,2026-10-09T00:44:38+05:30
DPWIRES.NS,Unclassified,,2026-10-09T00:44:38+05:30
DRAGARWQ.NS,Unclassified,,2026-10-09T00:44:38+05:30
DRCSYSTEMS.NS,Unclassified,,2026-10-09T00:44:38+05:30
DREAMFOLKS.NS,Unclassified,,2026-10-09T00:44:38+05:30
DREDGECORP.NS,Unclassified,,2026-10-09T00:44:38+05:30
DSFCL.NS,Unclassified,,2026-10-09T00:44:38+05:30
DSSL.NS,Unclassified,,2026-10-09T00:44:38+05:30
DTIL.NS,Unclassified,,2026-10-09T00:44:38+05:30
DUCON.NS,Unclassified,,2026-10-09T00:44:38+05:30
DVL.NS,Unclassified,,2026-10-09T00:44:38+05:30
DWARKESH.NS,Unclassified,,2026-10-09T00:44:38+05:30
DYCL.NS,Unclassified,,2026-10-09T00:44:38+05:30
DYNPRO.NS,Unclassified,,2026-10-09T00:44:38+05:30
EASEMYTRIP.NS,Unclassified,,2026-10-09T00:44:38+05:30
EASTSILK.NS,Unclassified,,2026-10-09T00:44:38+05:30
EASTWEST.NS,Unclassified,,2026-10-09T00:44:38+05:30
EBIX.NS,Unclassified,,2026-10-09T00:44:38+05:30
ECORECO.NS,Unclassified,,2026-10-09T00:44:38+05:30
ECOSMOBLTY.NS,Unclassified,,2026-10-09T00:44:38+05:30
EIFFL.NS,Unclassified,,2026-10-09T00:44:38+05:30
EIHAHOTELS.NS,Unclassified,,2026-10-09T00:44:38+05:30
EKC.NS,Unclassified,,2026-10-09T00:44:38+05:30
EKI.NS,Unclassified,,2026-10-09T00:44:38+05:30
ELANTAS.NS,Unclassified,,2026-10-09T00:44:38+05:30
ELDEHSG.NS,Unclassified,,2026-10-09T00:44:38+05:30
ELECTHERM.NS,Unclassified,,2026-10-09T00:44:38+05:30
ELEVATE.NS,Unclassified,,2026-10-09T00:44:38+05:30
ELGIRUBCO.NS,Unclassified,,2026-10-09T00:44:38+05:30
ELITECON.NS,Unclassified,,2026-10-09T00:44:38+05:30
ELPROINTL.NS,Unclassified,,2026-10-09T00:44:38+05:30
EMAMIPAP.NS,Unclassified,,2026-10-09T00:44:38+05:30
EMAMIREAL.NS,Unclassified,,2026-10-09T00:44:38+05:30
EMKAY.NS,Unclassified,,2026-10-09T00:44:38+05:30
EMMBI.NS,Unclassified,,2026-10-09T00:44:38+05:30
EMPIND.NS,Unclassified,,2026-10-09T00:44:38+05:30
EMPOWER.NS,Unclassified,,2026-10-09T00:44:38+05:30
EMSLIMITED.NS,Unclassified,,2026-10-09T00:44:38+05:30
EMUDHRA.NS,Unclassified,,2026-10-09T00:44:38+05:30
ENERGYDEV.NS,Unclassified,,2026-10-09T00:44:38+05:30
ENKEIWHEL.NS,Unclassified,,2026-10-09T00:44:38+05:30
EPACK.NS,Unclassified,,2026-10-09T00:44:38+05:30
EPACKPEB.NS,Unclassified,,2026-10-09T00:44:38+05:30
EPIGRAL.NS,Unclassified,,2026-10-09T00:44:38+05:30
EQUIPPP.NS,Unclassified,,2026-10-09T00:44:38+05:30
ESABINDIA.NS,Unclassified,,2026-10-09T00:44:38+05:30
ESAFSFB.NS,Unclassified,,2026-10-09T00:44:38+05:30
ESDS.NS,Unclassified,,2026-10-09T00:44:38+05:30
ESSARSHPNG.NS,Unclassified,,2026-10-09T00:44:38+05:30
ESTER.NS,Unclassified,,2026-10-09T00:44:38+05:30
ETHOSLTD.NS,Unclassified,,2026-10-09T00:44:38+05:30
EUREKAFORB.NS,Unclassified,,2026-10-09T00:44:38+05:30
EUROBOND.NS,Unclassified,,2026-10-09T00:44:38+05:30
EUROTEXIND.NS,Unclassified,,2026-10-09T00:44:38+05:30
EVEREADY.NS,Unclassified,,2026-10-09T00:44:38+05:30
EVERESTIND.NS,Unclassified,,2026-10-09T00:44:38+05:30
EXCELINDUS.NS,Unclassified,,2026-10-09T00:44:38+05:30
EXCELSOFT.NS,Unclassified,,2026-10-09T00:44:38+05:30
EXICOM.NS,Unclassified,,2026-10-09T00:44:38+05:30
EXPLEOSOL.NS,Unclassified,,2026-10-09T00:44:38+05:30
EXXARO.NS,Unclassified,,2026-10-09T00:44:38+05:30
FABTECH.NS,Unclassified,,2026-10-09T00:44:38+05:30
FAIRCHEMOR.NS,Unclassified,,2026-10-09T00:44:38+05:30
FAZE3Q.NS,Unclassified,,2026-10-09T00:44:38+05:30
FCL.NS,Unclassified,,2026-10-09T00:44:38+05:30
FCSSOFT.NS,Unclassified,,2026-10-09T00:44:38+05:30
FDC.NS,Unclassified,,2026-10-09T00:44:38+05:30
FEDDERSHOL.NS,Unclassified,,2026-10-09T00:44:38+05:30
FERMENTA.NS,Unclassified,,2026-10-09T00:44:38+05:30
FIBERWEB.NS,Unclassified,,2026-10-09T00:44:38+05:30
FILATFASH.NS,Unclassified,,2026-10-09T00:44:38+05:30
FINKURVE.NS,Unclassified,,2026-10-09T00:44:38+05:30
FINOPB.NS,Unclassified,,2026-10-09T00:44:38+05:30
FISCHER.NS,Unclassified,,2026-10-09T00:44:38+05:30
FLAIR.NS,Unclassified,,2026-10-09T00:44:38+05:30
FLEXITUFF.NS,Unclassified,,2026-10-09T00:44:38+05:30
FMGOETZE.NS,Unclassified,,2026-10-09T00:44:38+05:30
FMNL.NS,Unclassified,,2026-10-09T00:44:38+05:30
FOCUS.NS,Unclassified,,2026-10-09T00:44:38+05:30
FOODSIN.NS,Unclassified,,2026-10-09T00:44:38+05:30
FOSECOIND.NS,Unclassified,,2026-10-09T00:44:38+05:30
FREDUN.NS,Unclassified,,2026-10-09T00:44:38+05:30
FRONTSP.NS,Unclassified,,2026-10-09T00:44:38+05:30
FUSION.NS,Unclassified,,2026-10-09T00:44:38+05:30
GAJA.NS,Unclassified,,2026-10-09T00:44:38+05:30
GALAPREC.NS,Unclassified,,2026-10-09T00:44:38+05:30
GALAXYSURF.NS,Unclassified,,2026-10-09T00:44:38+05:30
GANDHAR.NS,Unclassified,,2026-10-09T00:44:38+05:30
GANDHITUBE.NS,Unclassified,,2026-10-09T00:44:38+05:30
GANECOS.NS,Unclassified,,2026-10-09T00:44:38+05:30
GANESHBE.NS,Unclassified,,2026-10-09T00:44:38+05:30
GANESHHOU.NS,Unclassified,,2026-10-09T00:44:38+05:30
GANGAFORGE.NS,Unclassified,,2026-10-09T00:44:38+05:30
GANGESSECU.NS,Unclassified,,2026-10-09T00:44:38+05:30
GARFIBRES.NS,Unclassified,,2026-10-09T00:44:38+05:30
GARUDA.NS,Unclassified,,2026-10-09T00:44:38+05:30
GATECH.NS,Unclassified,,2026-10-09T00:44:38+05:30
GATECHDVR.NS,Unclassified,,2026-10-09T00:44:38+05:30
GATEWAY.NS,Unclassified,,2026-10-09T00:44:38+05:30
GAUDIUMIVF.NS,Unclassified,,2026-10-09T00:44:38+05:30
GAYAPROJ.NS,Unclassified,,2026-10-09T00:44:38+05:30
GEECEE.NS,Unclassified,,2026-10-09T00:44:38+05:30
GEEKAYWIRE.NS,Unclassified,,2026-10-09T00:44:38+05:30
GEMAROMA.NS,Unclassified,,2026-10-09T00:44:38+05:30
GENCON.NS,Unclassified,,2026-10-09T00:44:38+05:30
GENESYS.NS,Unclassified,,2026-10-09T00:44:38+05:30
GENUSPAPER.NS,Unclassified,,2026-10-09T00:44:38+05:30
GEOJITFSL.NS,Unclassified,,2026-10-09T00:44:38+05:30
GFLLIMITED.NS,Unclassified,,2026-10-09T00:44:38+05:30
GHCLTEXTIL.NS,Unclassified,,2026-10-09T00:44:38+05:30
GICHSGFIN.NS,Unclassified,,2026-10-09T00:44:38+05:30
GICL.NS,Unclassified,,2026-10-09T00:44:38+05:30
GILLANDERS.NS,Unclassified,,2026-10-09T00:44:38+05:30
GINNIFILA.NS,Unclassified,,2026-10-09T00:44:38+05:30
GIPCL.NS,Unclassified,,2026-10-09T00:44:38+05:30
GKB.NS,Unclassified,,2026-10-09T00:44:38+05:30
GKENERGY.NS,Unclassified,,2026-10-09T00:44:38+05:30
GKSL.NS,Unclassified,,2026-10-09T00:44:38+05:30
GKWLIMITED.NS,Unclassified,,2026-10-09T00:44:38+05:30
GLASSWALL.NS,Unclassified,,2026-10-09T00:44:38+05:30
GLFL.NS,Unclassified,,2026-10-09T00:44:38+05:30
GLOBALE.NS,Unclassified,,2026-10-09T00:44:38+05:30
GLOBALVECT.NS,Unclassified,,2026-10-09T00:44:38+05:30
GLOBE.NS,Unclassified,,2026-10-09T00:44:38+05:30
GLOBECIVIL.NS,Unclassified,,2026-10-09T00:44:38+05:30
GLOBUSSPR.NS,Unclassified,,2026-10-09T00:44:38+05:30
GLOSTERLTD.NS,Unclassified,,2026-10-09T00:44:38+05:30
GLOTTIS.NS,Unclassified,,2026-10-09T00:44:38+05:30
GMBREW.NS,Unclassified,,2026-10-09T00:44:38+05:30
GMMPFAUDLR.NS,Unclassified,,2026-10-09T00:44:38+05:30
GNA.NS,Unclassified,,2026-10-09T00:44:38+05:30
GNRL.NS,Unclassified,,2026-10-09T00:44:38+05:30
GOACARBON.NS,Unclassified,,2026-10-09T00:44:38+05:30
GOCLCORP.NS,Unclassified,,2026-10-09T00:44:38+05:30
GOCOLORS.NS,Unclassified,,2026-10-09T00:44:38+05:30
GODAVARIB.NS,Unclassified,,2026-10-09T00:44:38+05:30
GODIGIT.NS,Unclassified,,2026-10-09T00:44:38+05:30
GOKUL.NS,Unclassified,,2026-10-09T00:44:38+05:30
GOLDTECH.NS,Unclassified,,2026-10-09T00:44:38+05:30
GOODLUCK.NS,Unclassified,,2026-10-09T00:44:38+05:30
GOPAL.NS,Unclassified,,2026-10-09T00:44:38+05:30
GOYALALUM.NS,Unclassified,,2026-10-09T00:44:38+05:30
GPTHEALTH.NS,Unclassified,,2026-10-09T00:44:38+05:30
GPTINFRA.NS,Unclassified,,2026-10-09T00:44:38+05:30
GRADIENTE.NS,Unclassified,,2026-10-09T00:44:38+05:30
GRANDOAK.NS,Unclassified,,2026-10-09T00:44:38+05:30
GRAUWEIL.NS,Unclassified,,2026-10-09T00:44:38+05:30
GRAVISSHO.NS,Unclassified,,2026-10-09T00:44:38+05:30
GREENLAM.NS,Unclassified,,2026-10-09T00:44:38+05:30
GREENPANEL.NS,Unclassified,,2026-10-09T00:44:38+05:30
GREENPLY.NS,Unclassified,,2026-10-09T00:44:38+05:30
GREENPOWER.NS,Unclassified,,2026-10-09T00:44:38+05:30
GRINFRA.NS,Unclassified,,2026-10-09T00:44:38+05:30
GRMOVER.NS,Unclassified,,2026-10-09T00:44:38+05:30
GROBTEA.NS,Unclassified,,2026-10-09T00:44:38+05:30
GRPLTD.NS,Unclassified,,2026-10-09T00:44:38+05:30
GSLSU.NS,Unclassified,,2026-10-09T00:44:38+05:30
GSPCROP.NS,Unclassified,,2026-10-09T00:44:38+05:30
GSPLTRANS.NS,Unclassified,,2026-10-09T00:44:38+05:30
GSS.NS,Unclassified,,2026-10-09T00:44:38+05:30
GTL.NS,Unclassified,,2026-10-09T00:44:38+05:30
GTLINFRA.NS,Unclassified,,2026-10-09T00:44:38+05:30
GTPL.NS,Unclassified,,2026-10-09T00:44:38+05:30
GUFICBIO.NS,Unclassified,,2026-10-09T00:44:38+05:30
GUJAPOLLO.NS,Unclassified,,2026-10-09T00:44:38+05:30
GUJENERGY.NS,Unclassified,,2026-10-09T00:44:38+05:30
GUJRAFFIA.NS,Unclassified,,2026-10-09T00:44:38+05:30
GUJTHEM.NS,Unclassified,,2026-10-09T00:44:38+05:30
GULFOILLUB.NS,Unclassified,,2026-10-09T00:44:38+05:30
GULFPETRO.NS,Unclassified,,2026-10-09T00:44:38+05:30
GULPOLY.NS,Unclassified,,2026-10-09T00:44:38+05:30
GVKPIL.NS,Unclassified,,2026-10-09T00:44:38+05:30
GVPIL.NS,Unclassified,,2026-10-09T00:44:38+05:30
GVPTECH.NS,Unclassified,,2026-10-09T00:44:38+05:30
GYFTR.NS,Unclassified,,2026-10-09T00:44:38+05:30
HALDER.NS,Unclassified,,2026-10-09T00:44:38+05:30
HALDYNGL.NS,Unclassified,,2026-10-09T00:44:38+05:30
HALEOSLABS.NS,Unclassified,,2026-10-09T00:44:38+05:30
HAMPTON.NS,Unclassified,,2026-10-09T00:44:38+05:30
HARDWYN.NS,Unclassified,,2026-10-09T00:44:38+05:30
HARIOMPIPE.NS,Unclassified,,2026-10-09T00:44:38+05:30
HARRMALAYA.NS,Unclassified,,2026-10-09T00:44:38+05:30
HARSHA.NS,Unclassified,,2026-10-09T00:44:38+05:30
HATHWAY.NS,Unclassified,,2026-10-09T00:44:38+05:30
HATSUN.NS,Unclassified,,2026-10-09T00:44:38+05:30
HAVISHA.NS,Unclassified,,2026-10-09T00:44:38+05:30
HAWKINCOOK.NS,Unclassified,,2026-10-09T00:44:38+05:30
HAZOOR.NS,Unclassified,,2026-10-09T00:44:38+05:30
HBESD.NS,Unclassified,,2026-10-09T00:44:38+05:30
HBPOR.NS,Unclassified,,2026-10-09T00:44:38+05:30
HBSL.NS,Unclassified,,2026-10-09T00:44:38+05:30
HCL-INSYS.NS,Unclassified,,2026-10-09T00:44:38+05:30
HEADSUP.NS,Unclassified,,2026-10-09T00:44:38+05:30
HEALTHX.NS,Unclassified,,2026-10-09T00:44:38+05:30
HECPROJECT.NS,Unclassified,,2026-10-09T00:44:38+05:30
HEMIPROP.NS,Unclassified,,2026-10-09T00:44:38+05:30
HERANBA.NS,Unclassified,,2026-10-09T00:44:38+05:30
HEROMOTORS.NS,Unclassified,,2026-10-09T00:44:38+05:30
HESTERBIO.NS,Unclassified,,2026-10-09T00:44:38+05:30
HEXAGON.NS,Unclassified,,2026-10-09T00:44:38+05:30
HEXATRADEX.NS,Unclassified,,2026-10-09T00:44:38+05:30
HGM.NS,Unclassified,,2026-10-09T00:44:38+05:30
HGS.NS,Unclassified,,2026-10-09T00:44:38+05:30
HIKAL.NS,Unclassified,,2026-10-09T00:44:38+05:30
HILINFRA.NS,Unclassified,,2026-10-09T00:44:38+05:30
HILTON.NS,Unclassified,,2026-10-09T00:44:38+05:30
HIMATSEIDE.NS,Unclassified,,2026-10-09T00:44:38+05:30
HINDADH.NS,Unclassified,,2026-10-09T00:44:38+05:30
HINDALUMI.NS,Unclassified,,2026-10-09T00:44:38+05:30
HINDCOMPOS.NS,Unclassified,,2026-10-09T00:44:38+05:30
HINDCON.NS,Unclassified,,2026-10-09T00:44:38+05:30
HINDOILEXP.NS,Unclassified,,2026-10-09T00:44:38+05:30
HINDWAREAP.NS,Unclassified,,2026-10-09T00:44:38+05:30
HIRECT.NS,Unclassified,,2026-10-09T00:44:38+05:30
HISARMETAL.NS,Unclassified,,2026-10-09T00:44:38+05:30
HITECH.NS,Unclassified,,2026-10-09T00:44:38+05:30
HITECHGEAR.NS,Unclassified,,2026-10-09T00:44:38+05:30
HLEGLAS.NS,Unclassified,,2026-10-09T00:44:38+05:30
HLVLTD.NS,Unclassified,,2026-10-09T00:44:38+05:30
HMAAGRO.NS,Unclassified,,2026-10-09T00:44:38+05:30
HMVL.NS,Unclassified,,2026-10-09T00:44:38+05:30
HNDFDS.NS,Unclassified,,2026-10-09T00:44:38+05:30
HONDAPOWER.NS,Unclassified,,2026-10-09T00:44:38+05:30
HORIZONIND.NS,Unclassified,,2026-10-09T00:44:38+05:30
HPAL.NS,Unclassified,,2026-10-09T00:44:38+05:30
HPIL.NS,Unclassified,,2026-10-09T00:44:38+05:30
HPL.NS,Unclassified,,2026-10-09T00:44:38+05:30
HRYNSHP.NS,Unclassified,,2026-10-09T00:44:38+05:30
HTEL.NS,Unclassified,,2026-10-09T00:44:38+05:30
HTMEDIA.NS,Unclassified,,2026-10-09T00:44:38+05:30
HUHTAMAKI.NS,Unclassified,,2026-10-09T00:44:38+05:30
HYBRIDFIN.NS,Unclassified,,2026-10-09T00:44:38+05:30
IBULLSLTD.NS,Unclassified,,2026-10-09T00:44:38+05:30
ICDSLTD.NS,Unclassified,,2026-10-09T00:44:38+05:30
ICEMAKE.NS,Unclassified,,2026-10-09T00:44:38+05:30
ICRA.NS,Unclassified,,2026-10-09T00:44:38+05:30
IDEAFORGE.NS,Unclassified,,2026-10-09T00:44:38+05:30
IFBAGRO.NS,Unclassified,,2026-10-09T00:44:38+05:30
IFGLEXPOR.NS,Unclassified,,2026-10-09T00:44:38+05:30
IGARASHI.NS,Unclassified,,2026-10-09T00:44:38+05:30
IGCL.NS,Unclassified,,2026-10-09T00:44:38+05:30
IGPL.NS,Unclassified,,2026-10-09T00:44:38+05:30
IITL.NS,Unclassified,,2026-10-09T00:44:38+05:30
IKIO.NS,Unclassified,,2026-10-09T00:44:38+05:30
IMAGICAA.NS,Unclassified,,2026-10-09T00:44:38+05:30
IMPAL.NS,Unclassified,,2026-10-09T00:44:38+05:30
INA.NS,Unclassified,,2026-10-09T00:44:38+05:30
INCREDIBLE.NS,Unclassified,,2026-10-09T00:44:38+05:30
INDBANK.NS,Unclassified,,2026-10-09T00:44:38+05:30
INDIANCARD.NS,Unclassified,,2026-10-09T00:44:38+05:30
INDIANHUME.NS,Unclassified,,2026-10-09T00:44:38+05:30
INDIASHLTR.NS,Unclassified,,2026-10-09T00:44:38+05:30
INDIQUBE.NS,Unclassified,,2026-10-09T00:44:38+05:30
INDNIPPON.NS,Unclassified,,2026-10-09T00:44:38+05:30
INDOBORAX.NS,Unclassified,,2026-10-09T00:44:38+05:30
INDOCO.NS,Unclassified,,2026-10-09T00:44:38+05:30
INDOFARM.NS,Unclassified,,2026-10-09T00:44:38+05:30
INDOKEM.NS,Unclassified,,2026-10-09T00:44:38+05:30
INDOMIM.NS,Unclassified,,2026-10-09T00:44:38+05:30
INDORAMA.NS,Unclassified,,2026-10-09T00:44:38+05:30
INDOSTAR.NS,Unclassified,,2026-10-09T00:44:38+05:30
INDOTECH.NS,Unclassified,,2026-10-09T00:44:38+05:30
INDOTHAI.NS,Unclassified,,2026-10-09T00:44:38+05:30
INDOUS.NS,Unclassified,,2026-10-09T00:44:38+05:30
INDOWIND.NS,Unclassified,,2026-10-09T00:44:38+05:30
INDPRUD.NS,Unclassified,,2026-10-09T00:44:38+05:30
INDSWFTLAB.NS,Unclassified,,2026-10-09T00:44:38+05:30
INDTERRAIN.NS,Unclassified,,2026-10-09T00:44:38+05:30
INFOBEAN.NS,Unclassified,,2026-10-09T00:44:38+05:30
INFOMEDIA.NS,Unclassified,,2026-10-09T00:44:38+05:30
INGERRAND.NS,Unclassified,,2026-10-09T00:44:38+05:30
INNOVACAP.NS,Unclassified,,2026-10-09T00:44:38+05:30
INNOVANA.NS,Unclassified,,2026-10-09T00:44:38+05:30
INNOVISION.NS,Unclassified,,2026-10-09T00:44:38+05:30
INOXGREEN.NS,Unclassified,,2026-10-09T00:44:38+05:30
INSECTICID.NS,Unclassified,,2026-10-09T00:44:38+05:30
INSPIRISYS.NS,Unclassified,,2026-10-09T00:44:38+05:30
INTENTECH.NS,Unclassified,,2026-10-09T00:44:38+05:30
INTERARCH.NS,Unclassified,,2026-10-09T00:44:38+05:30
PREMIERPOL.NS,Chemicals,Specialty Chemicals,2026-10-10T00:15:56+05:30
SWANDEF.NS,Capital Goods,Aerospace & Defense,2026-10-10T00:15:56+05:30
JAICORPLTD.NS,Chemicals,Specialty Chemicals,2026-10-10T00:15:56+05:30
JISLDVREQS.NS,Diversified,Conglomerates,2026-10-10T00:15:56+05:30
JKLAKSHMI.NS,Construction Materials,Building Materials,2026-10-10T00:15:56+05:30
JTEKTINDIA.NS,Automobile and Auto Components,Auto Parts,2026-10-10T00:15:56+05:30
KARMAENG.NS,Power,Utilities - Renewable,2026-10-10T00:15:56+05:30
KPEL.NS,Construction,Engineering & Construction,2026-10-10T00:15:56+05:30
LAOPALA.NS,Consumer Durables,"Furnishings, Fixtures & Appliances",2026-10-10T00:15:56+05:30
LIBERTSHOE.NS,Textiles,Footwear & Accessories,2026-10-10T00:15:56+05:30
LINC.NS,Capital Goods,Business Equipment & Supplies,2026-10-10T00:15:56+05:30
MHRIL.NS,Consumer Services,Resorts & Casinos,2026-10-10T00:15:56+05:30
MITTAL.NS,Textiles,Textile Manufacturing,2026-10-10T00:15:56+05:30
NILASPACES.NS,Realty,Real Estate - Development,2026-10-10T00:15:56+05:30
PENINLAND.NS,Realty,Real Estate - Development,2026-10-10T00:15:56+05:30
PFIZER.NS,Healthcare,Drug Manufacturers - General,2026-10-10T00:15:56+05:30
POKARNA.NS,Capital Goods,Building Products & Equipment,2026-10-10T00:15:56+05:30
PRSMJOHNSN.NS,Construction Materials,Building Materials,2026-10-10T00:15:56+05:30
RKDL.NS,Fast Moving Consumer Goods,Beverages - Wineries & Distilleries,2026-10-10T00:15:56+05:30
RMC.NS,Capital Goods,Electrical Equipment & Parts,2026-10-10T00:15:56+05:30
SAGCEM.NS,Construction Materials,Building Materials,2026-10-10T00:15:56+05:30
SANOFI.NS,Healthcare,Drug Manufacturers - General,2026-10-10T00:15:56+05:30
SANOFICONR.NS,Healthcare,Drug Manufacturers - General,2026-10-10T00:15:56+05:30
SKFINDIA.NS,Capital Goods,Tools & Accessories,2026-10-10T00:15:56+05:30
SOLEX.NS,Power,Solar,2026-10-10T00:15:56+05:30
SUMMITSEC.NS,Financial Services,Capital Markets,2026-10-10T00:15:56+05:30
SUNCLAY.NS,Metals & Mining,Metal Fabrication,2026-10-10T00:15:56+05:30
THEINVEST.NS,Financial Services,Capital Markets,2026-10-10T00:15:56+05:30
TIRUMALCHM.NS,Chemicals,Specialty Chemicals,2026-10-10T00:15:56+05:30
TRF.NS,Capital Goods,Specialty Industrial Machinery,2026-10-10T00:15:56+05:30
UGROCAP.NS,Financial Services,Credit Services,2026-10-10T00:15:56+05:30
VSTIND.NS,Fast Moving Consumer Goods,Tobacco,2026-10-10T00:15:56+05:30
WAAREEINDO.NS,Power,Solar,2026-10-10T00:15:56+05:30
WILLAMAGOR.NS,Financial Services,Credit Services,2026-10-10T00:15:56+05:30
INTLCONV.NS,Capital Goods,Specialty Industrial Machinery,2026-10-10T00:15:56+05:30
INVENTURE.NS,Financial Services,Capital Markets,2026-10-10T00:15:56+05:30
INVPRECQ.NS,Metals & Mining,Steel,2026-10-10T00:15:56+05:30
IPL.NS,Chemicals,Agricultural Inputs,2026-10-10T00:15:56+05:30
IPRINGLTD.NS,Automobile and Auto Components,Auto Parts,2026-10-10T00:15:56+05:30
IRIS.NS,Information Technology,Software - Application,2026-10-10T00:15:56+05:30
IRISDOREME.NS,Textiles,Apparel Manufacturing,2026-10-10T00:15:56+05:30
IRMENERGY.NS,Oil Gas & Consumable Fuels,Utilities - Regulated Gas,2026-10-10T00:15:56+05:30
ISFT.NS,Consumer Services,Internet Retail,2026-10-10T00:15:56+05:30
ISGEC.NS,Capital Goods,Specialty Industrial Machinery,2026-10-10T00:15:56+05:30
ISHANCH.NS,Chemicals,Chemicals,2026-10-10T00:15:56+05:30
ISTLTD.NS,Automobile and Auto Components,Auto Parts,2026-10-10T00:15:56+05:30
ITDC.NS,Consumer Services,Lodging,2026-10-10T00:15:56+05:30
ITL.NS,Capital Goods,Specialty Industrial Machinery,2026-10-10T00:15:56+05:30
IVALUE.NS,Information Technology,Information Technology Services,2026-10-10T00:15:56+05:30
IVC.NS,Financial Services,Financial Conglomerates,2026-10-10T00:15:56+05:30
IWP.NS,Forest Materials,Lumber & Wood Production,2026-10-10T00:15:56+05:30
IZMO.NS,Information Technology,Software - Application,2026-10-10T00:15:56+05:30
JAGRAN.NS,Media Entertainment & Publication,Publishing,2026-10-10T00:15:56+05:30
JAGSNPHARM.NS,Healthcare,Drug Manufacturers - Specialty & Generic,2026-10-10T00:15:56+05:30
JAIPURKURT.NS,Textiles,Apparel Manufacturing,2026-10-10T00:15:56+05:30
JARO.NS,Services,Education & Training Services,2026-10-10T00:15:56+05:30
JASH.NS,Capital Goods,Specialty Industrial Machinery,2026-10-10T00:15:56+05:30
JAYAGROGN.NS,Chemicals,Specialty Chemicals,2026-10-10T00:15:56+05:30
JAYBARMARU.NS,Automobile and Auto Components,Auto Parts,2026-10-10T00:15:56+05:30
JAYSREETEA.NS,Fast Moving Consumer Goods,Farm Products,2026-10-10T00:15:56+05:30
JENBURPH.NS,Healthcare,Drug Manufacturers - Specialty & Generic,2026-10-10T00:15:56+05:30
JETFREIGHT.NS,Services,Integrated Freight & Logistics,2026-10-10T00:15:56+05:30
JGCHEM.NS,Metals & Mining,Other Industrial Metals & Mining,2026-10-10T00:15:56+05:30
JHS.NS,Fast Moving Consumer Goods,Household & Personal Products,2026-10-10T00:15:56+05:30
JINDALPHOT.NS,Financial Services,Asset Management,2026-10-10T00:15:56+05:30
JINDALPOLY.NS,Consumer Services,Packaging & Containers,2026-10-10T00:15:56+05:30
JINDRILL.NS,Oil Gas & Consumable Fuels,Oil & Gas Equipment & Services,2026-10-10T00:15:56+05:30
JINDWORLD.NS,Textiles,Textile Manufacturing,2026-10-10T00:15:56+05:30
JISLJALEQS.NS,Diversified,Conglomerates,2026-10-10T00:15:56+05:30
JITFINFRA.NS,Construction,Engineering & Construction,2026-10-10T00:15:56+05:30
JKIL.NS,Construction,Engineering & Construction,2026-10-10T00:15:56+05:30
JKIPL.NS,Capital Goods,Industrial Distribution,2026-10-10T00:15:56+05:30
JLHL.NS,Healthcare,Medical Care Facilities,2026-10-10T00:15:56+05:30
JMA.NS,Automobile and Auto Components,Auto Parts,2026-10-10T00:15:56+05:30
JNKINDIA.NS,Capital Goods,Specialty Industrial Machinery,2026-10-10T00:15:56+05:30
JNPR.NS,Power,Utilities - Renewable,2026-10-10T00:15:56+05:30
JOCIL.NS,Chemicals,Specialty Chemicals,2026-10-10T00:15:56+05:30
JPOLYINVST.NS,Financial Services,Asset Management,2026-10-10T00:15:56+05:30
JSIPL.NS,Metals & Mining,Steel,2026-10-10T00:15:56+05:30
JSWDULUX.NS,Chemicals,Specialty Chemicals,2026-10-10T00:15:56+05:30
JSWHL.NS,Financial Services,Asset Management,2026-10-10T00:15:56+05:30
JTLIND.NS,Metals & Mining,Steel,2026-10-10T00:15:56+05:30
JUBLCPL.NS,Chemicals,Specialty Chemicals,2026-10-10T00:15:56+05:30
JUNIPER.NS,Consumer Services,Lodging,2026-10-10T00:15:56+05:30
JYOTIRES.NS,Chemicals,Specialty Chemicals,2026-10-10T00:15:56+05:30
JYOTISTRUC.NS,Capital Goods,Specialty Industrial Machinery,2026-10-10T00:15:56+05:30
KABRAEXTRU.NS,Capital Goods,Specialty Industrial Machinery,2026-10-10T00:15:56+05:30
KAKATCEM.NS,Construction Materials,Building Materials,2026-10-10T00:15:56+05:30
KALAMANDIR.NS,Textiles,Apparel Retail,2026-10-10T00:15:56+05:30
KALPATARU.NS,Realty,Real Estate - Development,2026-10-10T00:15:56+05:30
KALYANIFRG.NS,Automobile and Auto Components,Auto Parts,2026-10-10T00:15:56+05:30
KAMAHOLD.NS,Diversified,Conglomerates,2026-10-10T00:15:56+05:30
KAMANWALA.NS,Realty,Real Estate - Development,2026-10-10T00:15:56+05:30
KAMATHOTEL.NS,Consumer Services,Lodging,2026-10-10T00:15:56+05:30
KAMDHENU.NS,Metals & Mining,Steel,2026-10-10T00:15:56+05:30
KAMOPAINTS.NS,Metals & Mining,Steel,2026-10-10T00:15:56+05:30
KANANIIND.NS,Consumer Durables,Luxury Goods,2026-10-10T00:15:56+05:30
KANCHI.NS,Chemicals,Specialty Chemicals,2026-10-10T00:15:56+05:30
KANCOTEA.NS,Fast Moving Consumer Goods,Farm Products,2026-10-10T00:15:56+05:30
KANOHAR.NS,Capital Goods,Electrical Equipment & Parts,2026-10-10T00:15:56+05:30
KANORICHEM.NS,Chemicals,Chemicals,2026-10-10T00:15:56+05:30
KANPRPLA.NS,Consumer Services,Packaging & Containers,2026-10-10T00:15:56+05:30
KAPSTON.NS,Services,Specialty Business Services,2026-10-10T00:15:56+05:30
KARAMTARA.NS,Power,Solar,2026-10-10T00:15:56+05:30
KAUSHALYA.NS,Construction,Engineering & Construction,2026-10-10T00:15:56+05:30
KAVDEFENCE.NS,Information Technology,Communication Equipment,2026-10-10T00:15:56+05:30
KAYA.NS,Fast Moving Consumer Goods,Household & Personal Products,2026-10-10T00:15:56+05:30
KCP.NS,Construction Materials,Building Materials,2026-10-10T00:15:56+05:30
KCPSUGIND.NS,Fast Moving Consumer Goods,Confectioners,2026-10-10T00:15:56+05:30
KDDL.NS,Consumer Durables,Luxury Goods,2026-10-10T00:15:56+05:30
KDGREEN.NS,Textiles,Footwear & Accessories,2026-10-10T00:15:56+05:30
KECL.NS,Capital Goods,Specialty Industrial Machinery,2026-10-10T00:15:56+05:30
KEEPLEARN.NS,Services,Education & Training Services,2026-10-10T00:15:56+05:30
KENNAMET.NS,Capital Goods,Tools & Accessories,2026-10-10T00:15:56+05:30
KERNEX.NS,Information Technology,Software - Application,2026-10-10T00:15:56+05:30
KESORAMIND.NS,Construction Materials,Building Materials,2026-10-10T00:15:56+05:30
KEYFINSERV.NS,Financial Services,Capital Markets,2026-10-10T00:15:56+05:30
KHADIM.NS,Textiles,Footwear & Accessories,2026-10-10T00:15:56+05:30
KHAICHEM.NS,Chemicals,Agricultural Inputs,2026-10-10T00:15:56+05:30
KHAITANLTD.NS,Capital Goods,Industrial Distribution,2026-10-10T00:15:56+05:30
KHANDSE.NS,Financial Services,Capital Markets,2026-10-10T00:15:56+05:30
KICL.NS,Financial Services,Asset Management,2026-10-10T00:15:56+05:30
KIOCL.NS,Metals & Mining,Steel,2026-10-10T00:15:56+05:30
KIRANVYPAR.NS,Financial Services,Capital Markets,2026-10-10T00:15:56+05:30
KIRIINDUS.NS,Chemicals,Specialty Chemicals,2026-10-10T00:15:56+05:30
KIRLFER.NS,Metals & Mining,Metal Fabrication,2026-10-10T00:15:56+05:30
KIRLOSIND.NS,Metals & Mining,Metal Fabrication,2026-10-10T00:15:56+05:30
KJMCFIN.NS,Financial Services,Capital Markets,2026-10-10T00:15:56+05:30
KKCL.NS,Textiles,Apparel Manufacturing,2026-10-10T00:15:56+05:30
KLBRENG-B.NS,Capital Goods,Specialty Industrial Machinery,2026-10-10T00:15:56+05:30
KMCSHIL.NS,Healthcare,Medical Care Facilities,2026-10-10T00:15:56+05:30
KMSUGAR.NS,Fast Moving Consumer Goods,Confectioners,2026-10-10T00:15:56+05:30
KNACK.NS,Consumer Services,Packaging & Containers,2026-10-10T00:15:56+05:30
KNAGRI.NS,Fast Moving Consumer Goods,Farm Products,2026-10-10T00:15:56+05:30
KOHINOOR.NS,Fast Moving Consumer Goods,Packaged Foods,2026-10-10T00:15:56+05:30
KOKUYOCMLN.NS,Capital Goods,Business Equipment & Supplies,2026-10-10T00:15:56+05:30
KOLTEPATIL.NS,Realty,Real Estate - Development,2026-10-10T00:15:56+05:30
KOPRAN.NS,Healthcare,Drug Manufacturers - General,2026-10-10T00:15:56+05:30
KOTARISUG.NS,Fast Moving Consumer Goods,Confectioners,2026-10-10T00:15:56+05:30
KOTHARIPET.NS,Chemicals,Specialty Chemicals,2026-10-10T00:15:56+05:30
KOTHARIPRO.NS,Diversified,Conglomerates,2026-10-10T00:15:56+05:30
KOTIC.NS,Chemicals,Agricultural Inputs,2026-10-10T00:15:56+05:30
KOTYARK.NS,Chemicals,Specialty Chemicals,2026-10-10T00:15:56+05:30
KOVAI.NS,Healthcare,Medical Care Facilities,2026-10-10T00:15:56+05:30
KPL.NS,Healthcare,Drug Manufacturers - Specialty & Generic,2026-10-10T00:15:56+05:30
KREBSBIO.NS,Healthcare,Drug Manufacturers - Specialty & Generic,2026-10-10T00:15:56+05:30
KRIDHANINF.NS,Metals & Mining,Steel,2026-10-10T00:15:56+05:30
KRISHANA.NS,Chemicals,Agricultural Inputs,2026-10-10T00:15:56+05:30
KRISHIVAL.NS,Fast Moving Consumer Goods,Packaged Foods,2026-10-10T00:15:56+05:30
KRISHNADEF.NS,Capital Goods,Specialty Industrial Machinery,2026-10-10T00:15:56+05:30
KRITI.NS,Capital Goods,Building Products & Equipment,2026-10-10T00:15:56+05:30
KRITIKA.NS,Metals & Mining,Steel,2026-10-10T00:15:56+05:30
KRITINUT.NS,Fast Moving Consumer Goods,Packaged Foods,2026-10-10T00:15:56+05:30
KRONOX.NS,Chemicals,Specialty Chemicals,2026-10-10T00:15:56+05:30
KROSS.NS,Automobile and Auto Components,Auto Parts,2026-10-10T00:15:56+05:30
KRSNAA.NS,Healthcare,Diagnostics & Research,2026-10-10T00:15:56+05:30
KRYSTAL.NS,Services,Specialty Business Services,2026-10-10T00:15:56+05:30
KSE.NS,Fast Moving Consumer Goods,Packaged Foods,2026-10-10T00:15:56+05:30
KSHINTL.NS,Capital Goods,Electrical Equipment & Parts,2026-10-10T00:15:56+05:30
KSHITIJPOL.NS,Capital Goods,Business Equipment & Supplies,2026-10-10T00:15:56+05:30
KSL.NS,Metals & Mining,Steel,2026-10-10T00:15:56+05:30
KSOLVES.NS,Information Technology,Software - Application,2026-10-10T00:15:56+05:30
KSR.NS,Textiles,Footwear & Accessories,2026-10-10T00:15:56+05:30
KUANTUM.NS,Forest Materials,Paper & Paper Products,2026-10-10T00:15:56+05:30
KUSUMGAR.NS,Textiles,Textile Manufacturing,2026-10-10T00:15:56+05:30
LADDERUP.NS,Financial Services,Capital Markets,2026-10-10T00:15:56+05:30
LAGNAM.NS,Textiles,Textile Manufacturing,2026-10-10T00:15:56+05:30
LAHOTIOV.NS,Textiles,Textile Manufacturing,2026-10-10T00:15:56+05:30
LAKSHMIMIL.NS,Textiles,Textile Manufacturing,2026-10-10T00:15:56+05:30
LAL.NS,Textiles,Apparel Manufacturing,2026-10-10T00:15:56+05:30
LALITHAA.NS,Consumer Durables,Luxury Goods,2026-10-10T00:15:56+05:30
LAMBODHARA.NS,Textiles,Textile Manufacturing,2026-10-10T00:15:56+05:30
LANCER.NS,Services,Integrated Freight & Logistics,2026-10-10T00:15:56+05:30
LANCORHOL.NS,Realty,Real Estate - Development,2026-10-10T00:15:56+05:30
LANDMARK.NS,Automobile and Auto Components,Auto & Truck Dealerships,2026-10-10T00:15:56+05:30
LANDSMILL.NS,Diversified,Conglomerates,2026-10-10T00:15:56+05:30
LASERPOWER.NS,Capital Goods,Electrical Equipment & Parts,2026-10-10T00:15:56+05:30
LATTEYS.NS,Capital Goods,Specialty Industrial Machinery,2026-10-10T00:15:56+05:30
LAXMICOT.NS,Textiles,Textile Manufacturing,2026-10-10T00:15:56+05:30
LAXMIDENTL.NS,Healthcare,Medical Instruments & Supplies,2026-10-10T00:15:56+05:30
LAXMIINDIA.NS,Financial Services,Credit Services,2026-10-10T00:15:56+05:30
LCCINFOTEC.NS,Services,Education & Training Services,2026-10-10T00:15:56+05:30
LCCPROJECT.NS,Construction,Infrastructure Operations,2026-10-10T00:15:56+05:30
LCL.NS,Capital Goods,Specialty Industrial Machinery,2026-10-10T00:15:56+05:30
LEAPIND.NS,Services,Integrated Freight & Logistics,2026-10-10T00:15:56+05:30
LEENEE.NS,Information Technology,Information Technology Services,2026-10-10T00:15:56+05:30
LEMERITE.NS,Textiles,Textile Manufacturing,2026-10-10T00:15:56+05:30
LFIC.NS,Financial Services,Asset Management,2026-10-10T00:15:56+05:30
LGBBROSLTD.NS,Automobile and Auto Components,Auto Parts,2026-10-10T00:15:56+05:30
LGHL.NS,Consumer Durables,Luxury Goods,2026-10-10T00:15:56+05:30
LIBAS.NS,Textiles,Apparel Manufacturing,2026-10-10T00:15:56+05:30
LIKHITHA.NS,Oil Gas & Consumable Fuels,Oil & Gas Equipment & Services,2026-10-10T00:15:56+05:30
LINCOLN.NS,Healthcare,Drug Manufacturers - Specialty & Generic,2026-10-10T00:15:56+05:30
LKPSEC.NS,Financial Services,Capital Markets,2026-10-10T00:15:56+05:30
LMW.NS,Capital Goods,Specialty Industrial Machinery,2026-10-10T00:15:56+05:30
LORDSCHLO.NS,Chemicals,Chemicals,2026-10-10T00:15:56+05:30
LOTUSCHO.NS,Fast Moving Consumer Goods,Confectioners,2026-10-10T00:15:56+05:30
LOTUSEYE.NS,Healthcare,Medical Care Facilities,2026-10-10T00:15:56+05:30
LOVABLE.NS,Textiles,Apparel Manufacturing,2026-10-10T00:15:56+05:30
LOYALTEX.NS,Textiles,Textile Manufacturing,2026-10-10T00:15:56+05:30
LPDC.NS,Realty,Real Estate Services,2026-10-10T00:15:56+05:30
LUMINO.NS,Capital Goods,Electrical Equipment & Parts,2026-10-10T00:15:56+05:30
LUXIND.NS,Textiles,Apparel Manufacturing,2026-10-10T00:15:56+05:30
LYKALABS.NS,Healthcare,Biotechnology,2026-10-10T00:15:56+05:30
MAANALU.NS,Metals & Mining,Aluminum,2026-10-10T00:15:56+05:30
MACPOWER.NS,Capital Goods,Specialty Industrial Machinery,2026-10-10T00:15:56+05:30
MADHAV.NS,Capital Goods,Building Products & Equipment,2026-10-10T00:15:56+05:30
MADHAVIPL.NS,Construction,Engineering & Construction,2026-10-10T00:15:56+05:30
MADHUCON.NS,Construction,Engineering & Construction,2026-10-10T00:15:56+05:30
MADRASFERT.NS,Chemicals,Agricultural Inputs,2026-10-10T00:15:56+05:30
MAFATIND.NS,Textiles,Textile Manufacturing,2026-10-10T00:15:56+05:30
MAGADSUGAR.NS,Fast Moving Consumer Goods,Confectioners,2026-10-10T00:15:56+05:30
MAGNUM.NS,Forest Materials,Paper & Paper Products,2026-10-10T00:15:56+05:30
MAHAPEXLTD.NS,Financial Services,Credit Services,2026-10-10T00:15:56+05:30
MAHASTEEL.NS,Metals & Mining,Steel,2026-10-10T00:15:56+05:30
MAHEPC.NS,Capital Goods,Farm & Heavy Construction Machinery,2026-10-10T00:15:56+05:30
MAHESHWARI.NS,Services,Integrated Freight & Logistics,2026-10-10T00:15:56+05:30
MAHLIFE.NS,Realty,Real Estate - Development,2026-10-10T00:15:56+05:30
MAHLOG.NS,Services,Integrated Freight & Logistics,2026-10-10T00:15:56+05:30
MAHSCOOTER.NS,Financial Services,Asset Management,2026-10-10T00:15:56+05:30
MAHSEAMLES.NS,Metals & Mining,Steel,2026-10-10T00:15:56+05:30
MAITHANALL.NS,Metals & Mining,Steel,2026-10-10T00:15:56+05:30
MAJESAUT.NS,Realty,Real Estate Services,2026-10-10T00:15:56+05:30
MAKERSL.NS,Healthcare,Drug Manufacturers - Specialty & Generic,2026-10-10T00:15:56+05:30
MALUPAPER.NS,Forest Materials,Paper & Paper Products,2026-10-10T00:15:56+05:30
MAMATA.NS,Capital Goods,Specialty Industrial Machinery,2026-10-10T00:15:56+05:30
MANAKALUCO.NS,Metals & Mining,Aluminum,2026-10-10T00:15:56+05:30
MANAKCOAT.NS,Metals & Mining,Metal Fabrication,2026-10-10T00:15:56+05:30
MANAKSIA.NS,Metals & Mining,Metal Fabrication,2026-10-10T00:15:56+05:30
MANAKSTEEL.NS,Metals & Mining,Steel,2026-10-10T00:15:56+05:30
MANBA.NS,Financial Services,Credit Services,2026-10-10T00:15:56+05:30
MANCREDIT.NS,Financial Services,Credit Services,2026-10-10T00:15:56+05:30
MANGALAM.NS,Healthcare,Drug Manufacturers - Specialty & Generic,2026-10-10T00:15:56+05:30
MANGLMCEM.NS,Construction Materials,Building Materials,2026-10-10T00:15:56+05:30
MANIKA.NS,Consumer Services,Packaging & Containers,2026-10-10T00:15:56+05:30
MANINDS.NS,Metals & Mining,Steel,2026-10-10T00:15:56+05:30
MANINFRA.NS,Construction,Engineering & Construction,2026-10-10T00:15:56+05:30
MANIPALHOS.NS,Healthcare,Medical Care Facilities,2026-10-10T00:15:56+05:30
MANOMAY.NS,Textiles,Textile Manufacturing,2026-10-10T00:15:56+05:30
MANORG.NS,Chemicals,Specialty Chemicals,2026-10-10T00:15:56+05:30
MANUGRAPH.NS,Capital Goods,Specialty Industrial Machinery,2026-10-10T00:15:56+05:30
MARALOVER.NS,Textiles,Textile Manufacturing,2026-10-10T00:15:56+05:30
MARATHON.NS,Realty,Real Estate - Development,2026-10-10T00:15:56+05:30
MARKOLINES.NS,Construction,Infrastructure Operations,2026-10-10T00:15:56+05:30
MARSONS.NS,Capital Goods,Electrical Equipment & Parts,2026-10-10T00:15:56+05:30
MASKINVEST.NS,Financial Services,Capital Markets,2026-10-10T00:15:56+05:30
MASTERTR.NS,Financial Services,Capital Markets,2026-10-10T00:15:56+05:30
MATRIMONY.NS,Telecommunication,Internet Content & Information,2026-10-10T00:15:56+05:30
MAWANASUG.NS,Fast Moving Consumer Goods,Confectioners,2026-10-10T00:15:56+05:30
MAXESTATES.NS,Realty,Real Estate - Development,2026-10-10T00:15:56+05:30
MAXIND.NS,Healthcare,Medical Care Facilities,2026-10-10T00:15:56+05:30
MAYURUNIQ.NS,Textiles,Textile Manufacturing,2026-10-10T00:15:56+05:30
MAZDA.NS,Capital Goods,Specialty Industrial Machinery,2026-10-10T00:15:56+05:30
MBEL.NS,Construction,Engineering & Construction,2026-10-10T00:15:56+05:30
MBLINFRA.NS,Construction,Engineering & Construction,2026-10-10T00:15:56+05:30
MCCHRLS-B.NS,Diversified,Conglomerates,2026-10-10T00:15:56+05:30
MCL.NS,Metals & Mining,Copper,2026-10-10T00:15:56+05:30
MCLEODRUSS.NS,Fast Moving Consumer Goods,Packaged Foods,2026-10-10T00:15:56+05:30
MCLOUD.NS,Information Technology,Information Technology Services,2026-10-10T00:15:56+05:30
MEDIASSIST.NS,Healthcare,Healthcare Plans,2026-10-10T00:15:56+05:30
MEDICAMEQ.NS,Healthcare,Drug Manufacturers - Specialty & Generic,2026-10-10T00:15:56+05:30
MEDICAPQ.NS,Realty,Real Estate - Diversified,2026-10-10T00:15:56+05:30
MEDICO.NS,Healthcare,Drug Manufacturers - Specialty & Generic,2026-10-10T00:15:56+05:30
MEGASTAR.NS,Fast Moving Consumer Goods,Packaged Foods,2026-10-10T00:15:56+05:30
MEIL.NS,Capital Goods,Electrical Equipment & Parts,2026-10-10T00:15:56+05:30
MENNPIS.NS,Automobile and Auto Components,Auto Parts,2026-10-10T00:15:56+05:30
MENONBE.NS,Automobile and Auto Components,Auto Parts,2026-10-10T00:15:56+05:30
MERCANTILE.NS,Realty,Real Estate Services,2026-10-10T00:15:56+05:30
MERCURYEV.NS,Automobile and Auto Components,Auto Manufacturers,2026-10-10T00:15:56+05:30
METROGLOBL.NS,Diversified,Conglomerates,2026-10-10T00:15:56+05:30
MFML.NS,Textiles,Textile Manufacturing,2026-10-10T00:15:56+05:30
MGEL.NS,Fast Moving Consumer Goods,Farm Products,2026-10-10T00:15:56+05:30
MHLXMIRU.NS,Textiles,Textile Manufacturing,2026-10-10T00:15:56+05:30
MICEL.NS,Information Technology,Electronic Components,2026-10-10T00:15:56+05:30
MIDWESTLTD.NS,Construction Materials,Building Materials,2026-10-10T00:15:56+05:30
MIIL.NS,Realty,Real Estate - Development,2026-10-10T00:15:56+05:30
MILKYMIST.NS,Fast Moving Consumer Goods,Packaged Foods,2026-10-10T00:15:56+05:30
MINALIND.NS,Consumer Durables,Luxury Goods,2026-10-10T00:15:56+05:30
MIRZAINT.NS,Textiles,Footwear & Accessories,2026-10-10T00:15:56+05:30
MITCON.NS,Construction,Engineering & Construction,2026-10-10T00:15:56+05:30
MKEXIM.NS,Fast Moving Consumer Goods,Household & Personal Products,2026-10-10T00:15:56+05:30
MKPL.NS,Fast Moving Consumer Goods,Packaged Foods,2026-10-10T00:15:56+05:30
MLKFOOD.NS,Fast Moving Consumer Goods,Packaged Foods,2026-10-10T00:15:56+05:30
MMFL.NS,Metals & Mining,Metal Fabrication,2026-10-10T00:15:56+05:30
MOBIKWIK.NS,Information Technology,Software - Infrastructure,2026-10-10T00:15:56+05:30
MODINATUR.NS,Fast Moving Consumer Goods,Packaged Foods,2026-10-10T00:15:56+05:30
MODIRUBBER.NS,Realty,Real Estate Services,2026-10-10T00:15:56+05:30
MODIS.NS,Realty,Real Estate - Development,2026-10-10T00:15:56+05:30
MODISONLTD.NS,Capital Goods,Electrical Equipment & Parts,2026-10-10T00:15:56+05:30
MODTHREAD.NS,Textiles,Textile Manufacturing,2026-10-10T00:15:56+05:30
MOHITE.NS,Textiles,Textile Manufacturing,2026-10-10T00:15:56+05:30
MOHITIND.NS,Textiles,Textile Manufacturing,2026-10-10T00:15:56+05:30
MOKSH.NS,Consumer Durables,Luxury Goods,2026-10-10T00:15:56+05:30
MOL.NS,Chemicals,Agricultural Inputs,2026-10-10T00:15:56+05:30
MOLBIO.NS,Healthcare,Medical Devices,2026-10-10T00:15:56+05:30
MOLDTECH.NS,Construction,Engineering & Construction,2026-10-10T00:15:56+05:30
MOLDTKPAC.NS,Consumer Services,Packaging & Containers,2026-10-10T00:15:56+05:30
MOMSBELIEF.NS,Healthcare,Medical Care Facilities,2026-10-10T00:15:56+05:30
MONARCH.NS,Financial Services,Capital Markets,2026-10-10T00:15:56+05:30
MONEYBOXX.NS,Financial Services,Credit Services,2026-10-10T00:15:56+05:30
MONEYVIEW.NS,Information Technology,Software - Application,2026-10-10T00:15:56+05:30
MONTECARLO.NS,Textiles,Apparel Manufacturing,2026-10-10T00:15:56+05:30
MOSCHIP.NS,Information Technology,Semiconductor Equipment & Materials,2026-10-10T00:15:56+05:30
MOTISONS.NS,Consumer Durables,Luxury Goods,2026-10-10T00:15:56+05:30
MOTOGENFIN.NS,Realty,Real Estate Services,2026-10-10T00:15:56+05:30
MPDL.NS,Realty,Real Estate - Development,2026-10-10T00:15:56+05:30
MPIMANIPAL.NS,Information Technology,Software - Infrastructure,2026-10-10T00:15:56+05:30
MPSLTD.NS,Media Entertainment & Publication,Publishing,2026-10-10T00:15:56+05:30
MSL.NS,Chemicals,Agricultural Inputs,2026-10-10T00:15:56+05:30
MSPL.NS,Metals & Mining,Steel,2026-10-10T00:15:56+05:30
MTEDUCARE.NS,Services,Education & Training Services,2026-10-10T00:15:56+05:30
MTNL.NS,Telecommunication,Telecom Services,2026-10-10T00:15:56+05:30
MUFIN.NS,Financial Services,Credit Services,2026-10-10T00:15:56+05:30
MUFTI.NS,Textiles,Apparel Retail,2026-10-10T00:15:56+05:30
MUKESHB.NS,Financial Services,Capital Markets,2026-10-10T00:15:56+05:30
MUKKA.NS,Fast Moving Consumer Goods,Packaged Foods,2026-10-10T00:15:56+05:30
MUKTAARTS.NS,Media Entertainment & Publication,Entertainment,2026-10-10T00:15:56+05:30
MUNJALAU.NS,Automobile and Auto Components,Auto Parts,2026-10-10T00:15:56+05:30
MUNJALSHOW.NS,Automobile and Auto Components,Auto Parts,2026-10-10T00:15:56+05:30
MURUDCERA.NS,Capital Goods,Building Products & Equipment,2026-10-10T00:15:56+05:30
MUTHOOTCAP.NS,Financial Services,Credit Services,2026-10-10T00:15:56+05:30
MUTHOOTMF.NS,Financial Services,Credit Services,2026-10-10T00:15:56+05:30
MVELECTRO.NS,Capital Goods,Electrical Equipment & Parts,2026-10-10T00:15:56+05:30
MVGJL.NS,Consumer Durables,Luxury Goods,2026-10-10T00:15:56+05:30
MWL.NS,Metals & Mining,Steel,2026-10-10T00:15:56+05:30
MYSORPETRO.NS,Chemicals,Chemicals,2026-10-10T00:15:56+05:30
NACLIND.NS,Chemicals,Agricultural Inputs,2026-10-10T00:15:56+05:30
NAGREEKCAP.NS,Financial Services,Asset Management,2026-10-10T00:15:56+05:30
NAGREEKEXP.NS,Textiles,Textile Manufacturing,2026-10-10T00:15:56+05:30
NAHARCAP.NS,Financial Services,Capital Markets,2026-10-10T00:15:56+05:30
NAHARINDUS.NS,Textiles,Textile Manufacturing,2026-10-10T00:15:56+05:30
NAHARPOLY.NS,Consumer Services,Packaging & Containers,2026-10-10T00:15:56+05:30
NAHARSPING.NS,Textiles,Textile Manufacturing,2026-10-10T00:15:56+05:30
NARMADA.NS,Chemicals,Agricultural Inputs,2026-10-10T00:15:56+05:30
NATCAPSUQ.NS,Healthcare,Drug Manufacturers - Specialty & Generic,2026-10-10T00:15:56+05:30
NATHBIOGEN.NS,Chemicals,Agricultural Inputs,2026-10-10T00:15:56+05:30
NATIONSTD.NS,Realty,Real Estate - Development,2026-10-10T00:15:56+05:30
NAVKARCORP.NS,Services,Integrated Freight & Logistics,2026-10-10T00:15:56+05:30
NAVKARURB.NS,Construction Materials,Building Materials,2026-10-10T00:15:56+05:30
NAVNETEDUL.NS,Media Entertainment & Publication,Publishing,2026-10-10T00:15:56+05:30
NBIFIN.NS,Financial Services,Capital Markets,2026-10-10T00:15:56+05:30
NCLIND.NS,Construction Materials,Building Materials,2026-10-10T00:15:56+05:30
NDGL.NS,Financial Services,Capital Markets,2026-10-10T00:15:56+05:30
NDL.NS,Textiles,Textile Manufacturing,2026-10-10T00:15:56+05:30
NDLVENTURE.NS,Media Entertainment & Publication,Entertainment,2026-10-10T00:15:56+05:30
NDRAUTO.NS,Automobile and Auto Components,Auto Parts,2026-10-10T00:15:56+05:30
NDTV.NS,Media Entertainment & Publication,Broadcasting,2026-10-10T00:15:56+05:30
NEAGI.NS,Fast Moving Consumer Goods,Farm Products,2026-10-10T00:15:56+05:30
NECCLTD.NS,Services,Trucking,2026-10-10T00:15:56+05:30
NECLIFE.NS,Healthcare,Drug Manufacturers - Specialty & Generic,2026-10-10T00:15:56+05:30
NELCAST.NS,Metals & Mining,Metal Fabrication,2026-10-10T00:15:56+05:30
NELCO.NS,Information Technology,Communication Equipment,2026-10-10T00:15:56+05:30
NESCO.NS,Diversified,Conglomerates,2026-10-10T00:15:56+05:30
NEUEON.NS,Metals & Mining,Steel,2026-10-10T00:15:56+05:30
NEXTMEDIA.NS,Media Entertainment & Publication,Broadcasting,2026-10-10T00:15:56+05:30
NGIL.NS,Fast Moving Consumer Goods,Packaged Foods,2026-10-10T00:15:56+05:30
NGLFINE.NS,Healthcare,Drug Manufacturers - General,2026-10-10T00:15:56+05:30
NIBE.NS,Capital Goods,Aerospace & Defense,2026-10-10T00:15:56+05:30
NIBL.NS,Capital Goods,Tools & Accessories,2026-10-10T00:15:56+05:30
NICCOPAR.NS,Consumer Services,Leisure,2026-10-10T00:15:56+05:30
NIITLTD.NS,Services,Education & Training Services,2026-10-10T00:15:56+05:30
NIITMTS.NS,Services,Education & Training Services,2026-10-10T00:15:56+05:30
NILAINFRA.NS,Realty,Real Estate - Development,2026-10-10T00:15:56+05:30
NILE.NS,Metals & Mining,Other Industrial Metals & Mining,2026-10-10T00:15:56+05:30
NILKAMAL.NS,Consumer Durables,"Furnishings, Fixtures & Appliances",2026-10-10T00:15:56+05:30
NIMBSPROJ.NS,Realty,Real Estate - Development,2026-10-10T00:15:56+05:30
NINSYS.NS,Information Technology,Information Technology Services,2026-10-10T00:15:56+05:30
NIPPOBATRY.NS,Capital Goods,Electrical Equipment & Parts,2026-10-10T00:15:56+05:30
NIRAJ.NS,Construction,Engineering & Construction,2026-10-10T00:15:56+05:30
NIRAJISPAT.NS,Textiles,Apparel Manufacturing,2026-10-10T00:15:56+05:30
NIRLON.NS,Realty,Real Estate Services,2026-10-10T00:15:56+05:30
NITCO.NS,Capital Goods,Building Products & Equipment,2026-10-10T00:15:56+05:30
NITINSPIN.NS,Textiles,Textile Manufacturing,2026-10-10T00:15:56+05:30
NITIRAJ.NS,Information Technology,Scientific & Technical Instruments,2026-10-10T00:15:56+05:30
NITTAGELA.NS,Chemicals,Specialty Chemicals,2026-10-10T00:15:56+05:30
NKIND.NS,Fast Moving Consumer Goods,Household & Personal Products,2026-10-10T00:15:56+05:30
NOCIL.NS,Chemicals,Specialty Chemicals,2026-10-10T00:15:56+05:30
NOIDATOLL.NS,Construction,Infrastructure Operations,2026-10-10T00:15:56+05:30
NORBTEAEXP.NS,Fast Moving Consumer Goods,Farm Products,2026-10-10T00:15:56+05:30
NOVAAGRI.NS,Chemicals,Agricultural Inputs,2026-10-10T00:15:56+05:30
NOVARTIND.NS,Healthcare,Drug Manufacturers - Specialty & Generic,2026-10-10T00:15:56+05:30
NPST.NS,Information Technology,Software - Application,2026-10-10T00:15:56+05:30
NRAIL.NS,Forest Materials,Paper & Paper Products,2026-10-10T00:15:56+05:30
NRBBEARING.NS,Automobile and Auto Components,Auto Parts,2026-10-10T00:15:56+05:30
NRL.NS,Capital Goods,Waste Management,2026-10-10T00:15:56+05:30
NSIL.NS,Financial Services,Asset Management,2026-10-10T00:15:56+05:30
NTCIND.NS,Fast Moving Consumer Goods,Tobacco,2026-10-10T00:15:56+05:30
NURECA.NS,Healthcare,Medical Devices,2026-10-10T00:15:56+05:30
OAL.NS,Chemicals,Specialty Chemicals,2026-10-10T00:15:56+05:30
OBCL.NS,Services,Trucking,2026-10-10T00:15:56+05:30
ODIGMA.NS,Media Entertainment & Publication,Advertising Agencies,2026-10-10T00:15:56+05:30
ODYCORP.NS,Financial Services,Capital Markets,2026-10-10T00:15:56+05:30
OMAXAUTO.NS,Automobile and Auto Components,Auto Parts,2026-10-10T00:15:56+05:30
OMAXE.NS,Realty,Real Estate - Development,2026-10-10T00:15:56+05:30
OMFREIGHT.NS,Services,Integrated Freight & Logistics,2026-10-10T00:15:56+05:30
OMPOWER.NS,Construction,Engineering & Construction,2026-10-10T00:15:56+05:30
ONEGLOBAL.NS,Healthcare,Pharmaceutical Retailers,2026-10-10T00:15:56+05:30
ONEPOINT.NS,Services,Specialty Business Services,2026-10-10T00:15:56+05:30
ONIDA.NS,Consumer Durables,"Furnishings, Fixtures & Appliances",2026-10-10T00:15:56+05:30
ONIXSOLAR.NS,Power,Solar,2026-10-10T00:15:56+05:30
