session_date,symbol,nse_symbol,name,sector,mcap_bucket,type,status,first_hit_time,last_update,day_open,day_high,day_low,ltp,prev_close,change_pct,prior_52w_high,prior_52w_low,prior_extreme_date,pct_beyond,still_beyond,volume,avg_vol_20,vol_multiple,vol_pace,volume_confirmed,gap_pct,range_position,rs_vs_nifty_1m,short_history,source
2026-10-08,HTEL.NS,HTEL,Hy-Tech Engineers Limited,Unclassified,Micro,HIGH,not_confirmed,2026-10-08T15:27:48+05:30,2026-10-08T15:27:48+05:30,90.6000,103.7200,90.1600,94.0100,73.8100,27.3676,86.4500,62.9100,2026-09-15,19.9769,True,47578622.0000,,,,False,22.7476,0.2839,,False,yfinance
2026-10-08,IBULLSLTD.NS,IBULLSLTD,Indiabulls Limited,Unclassified,Micro,HIGH,confirmed,2026-10-08T15:27:48+05:30,2026-10-10T00:11:18+05:30,34.4000,38.8900,32.7800,34.8800,32.4900,7.3561,32.5000,8.9000,2026-07-14,19.6615,True,80328946.0000,21478108.6500,3.7400,3.7400,True,5.8787,0.3437,42.2270,False,yfinance
2026-10-08,MANIKA.NS,MANIKA,Manika Plastech Limited,Unclassified,Micro,HIGH,not_confirmed,2026-10-08T15:27:48+05:30,2026-10-08T15:27:48+05:30,58.0000,61.2500,54.4200,56.5000,51.5200,9.6661,51.7300,39.7100,2026-10-06,18.4032,True,4754241.0000,,,,False,12.5776,0.3045,,False,yfinance
2026-10-08,ACEVECTOR.NS,ACEVECTOR,AceVector Limited,Consumer Services,Micro,HIGH,not_confirmed,2026-10-08T15:27:48+05:30,2026-10-08T15:27:48+05:30,32.4200,33.2700,28.3800,28.7000,25.9300,10.6826,28.7500,23.3700,2026-10-05,15.7217,False,75600644.0000,,,,False,25.0289,0.0654,,False,yfinance
2026-10-08,JSIPL.NS,JSIPL,Jindal Supreme (India) Limited,Unclassified,Micro,HIGH,not_confirmed,2026-10-08T15:27:48+05:30,2026-10-08T15:27:48+05:30,203.2000,214.9600,175.8800,175.8800,186.1200,-5.5018,186.1200,120.0000,2026-10-06,15.4954,False,6841714.0000,,,,False,9.1769,0.0000,,False,yfinance
2026-10-08,KANOHAR.NS,KANOHAR,Kanohar Electricals Limited,Unclassified,Micro,HIGH,not_confirmed,2026-10-08T15:27:48+05:30,2026-10-08T15:27:48+05:30,1070.0000,1207.7000,1040.0000,1161.0500,942.5000,23.1883,1047.8000,685.1000,2026-10-05,15.2605,True,22124555.0000,,,,False,13.5279,0.7218,,False,yfinance
2026-10-08,PNGSREVA.NS,PNGSREVA,PNGS Reva Diamond Jewellery Limited,Unclassified,Micro,HIGH,confirmed,2026-10-08T15:27:48+05:30,2026-10-10T00:11:18+05:30,643.4000,738.0000,625.0000,701.9500,631.0000,11.2441,653.0000,324.2500,2026-10-07,13.0168,True,14908756.0000,389343.9500,38.2920,38.2920,True,1.9651,0.6810,36.4618,True,yfinance
2026-10-08,RENTOMOJO.NS,RENTOMOJO,Rentomojo Limited,Unclassified,Micro,HIGH,not_confirmed,2026-10-08T15:27:48+05:30,2026-10-08T15:27:48+05:30,634.5000,648.0000,580.0500,596.8000,545.2000,9.4644,581.9500,482.4500,2026-09-18,11.3498,True,5132492.0000,,,,False,16.3793,0.2465,,False,yfinance
2026-10-08,VELJAN.NS,VELJAN,Veljan Denison Limited,Unclassified,Micro,HIGH,not_confirmed,2026-10-08T15:27:48+05:30,2026-10-08T15:27:48+05:30,2730.0000,2790.7000,2700.0000,2790.7000,2531.4000,10.2433,2531.4000,812.0000,2026-10-06,10.2433,True,6255.0000,,,,False,7.8455,1.0000,,False,yfinance
2026-10-08,MMWL.NS,MMWL,Media Matrix Worldwide Limited,Media Entertainment & Publication,Micro,HIGH,confirmed,2026-10-08T15:27:48+05:30,2026-10-10T00:11:18+05:30,19.7800,19.7800,19.0000,19.7700,17.9900,9.8944,17.9900,9.0200,2026-10-07,9.9500,True,1519214.0000,63617.6500,23.8804,23.8804,True,9.9500,0.9872,44.3733,True,yfinance
2026-10-08,JAYKAY.NS,JAYKAY,Jaykay Enterprises Limited,Services,Micro,HIGH,not_confirmed,2026-10-08T15:27:48+05:30,2026-10-08T15:27:48+05:30,263.4900,263.4900,237.1100,240.0000,240.0200,-0.0083,243.8900,115.5200,2026-10-06,8.0364,False,1925410.0000,1786928.6000,1.0775,1.0838,False,9.7783,0.1096,57.0929,True,yfinance
2026-10-08,LOTUSCHO.NS,LOTUSCHO,Lotus Chocolate Company Limited,Unclassified,Micro,HIGH,not_confirmed,2026-10-08T15:27:48+05:30,2026-10-08T15:27:48+05:30,655.0000,724.0000,650.0000,653.7000,579.6500,12.7750,671.0000,526.1000,2026-09-03,7.8987,False,76691.0000,,,,False,12.9992,0.0500,,False,yfinance
2026-10-08,STEAMHOUSE.NS,STEAMHOUSE,Steamhouse India Limited,Unclassified,Micro,HIGH,not_confirmed,2026-10-08T15:27:48+05:30,2026-10-08T15:27:48+05:30,124.6600,125.7000,117.2000,120.4900,118.4200,1.7480,118.4200,91.6000,2026-10-06,6.1476,True,6183680.0000,,,,False,5.2694,0.3871,,False,yfinance
2026-10-08,ARFIN.NS,ARFIN,Arfin India Limited,Unclassified,Micro,HIGH,confirmed,2026-10-08T15:27:48+05:30,2026-10-10T00:11:18+05:30,104.2900,112.6900,102.6000,107.5200,103.0600,4.3276,106.2000,45.1600,2026-05-12,6.1111,True,18357661.0000,2089125.5500,8.7872,8.7872,True,1.1935,0.4876,19.3654,False,yfinance
2026-10-08,DEEPA.NS,DEEPA,Deepa Jewellers Limited,Unclassified,Micro,HIGH,not_confirmed,2026-10-08T15:27:48+05:30,2026-10-08T15:27:48+05:30,229.0000,235.4100,222.7800,233.5100,214.0400,9.0964,222.0000,164.7900,2026-09-08,6.0405,True,8362915.0000,,,,False,6.9893,0.8496,,False,yfinance
2026-10-08,DPABHUSHAN.NS,DPABHUSHAN,D. P. Abhushan Limited,Unclassified,Micro,HIGH,not_confirmed,2026-10-08T15:27:48+05:30,2026-10-08T15:27:48+05:30,2246.8999,2315.8000,2150.0000,2258.5000,2174.0000,3.8868,2200.0000,866.1000,2026-10-05,5.2636,True,153968.0000,219903.7500,0.7002,0.7043,False,3.3533,0.6544,66.9667,False,yfinance
2026-10-08,ARCIL.NS,ARCIL,Asset Reconstruction Company (India) Limited,Financial Services,Micro,HIGH,not_confirmed,2026-10-08T15:27:48+05:30,2026-10-08T15:27:48+05:30,164.9000,164.9000,150.1000,154.9500,145.7400,6.3195,157.0000,124.5000,2026-09-24,5.0318,False,6172181.0000,,,,False,13.1467,0.3277,,False,yfinance
2026-10-08,PANACHE.NS,PANACHE,Panache Digilife Limited,Information Technology,Micro,HIGH,confirmed,2026-10-08T15:27:48+05:30,2026-10-10T00:11:18+05:30,627.3000,627.3000,570.0000,589.2500,597.4500,-1.3725,597.4500,237.7000,2026-10-07,4.9962,False,225061.0000,10279.5000,21.8942,21.8942,True,4.9962,0.3360,18.5319,False,yfinance
2026-10-08,ONELIFECAP.NS,ONELIFECAP,Onelife Capital Advisors Limited,Financial Services,Micro,HIGH,confirmed,2026-10-08T15:27:48+05:30,2026-10-10T00:11:18+05:30,48.9000,49.5100,47.5000,49.5100,47.1600,4.9830,47.2500,11.1500,2026-10-07,4.7831,True,100079.0000,107419.8500,0.9317,0.9317,False,3.6896,1.0000,61.2743,False,yfinance
2026-10-08,FREDUN.NS,FREDUN,Fredun Pharmaceuticals Limited,Unclassified,Micro,HIGH,not_confirmed,2026-10-08T15:27:48+05:30,2026-10-08T15:27:48+05:30,1488.0000,1665.0000,1462.7000,1538.0000,1406.7000,9.3339,1590.0000,1195.2000,2026-08-17,4.7170,False,1074129.0000,,,,False,5.7795,0.3722,,False,yfinance
2026-10-08,ONEGLOBAL.NS,ONEGLOBAL,One Global Service Provider Limited,Unclassified,Micro,HIGH,not_confirmed,2026-10-08T15:27:48+05:30,2026-10-08T15:27:48+05:30,604.0000,606.0000,555.6500,556.0500,564.0000,-1.4096,580.0000,494.0000,2026-08-21,4.4828,False,21985.0000,,,,False,7.0922,0.0079,,False,yfinance
2026-10-08,INDOKEM.NS,INDOKEM,Indokem Limited,Unclassified,Micro,HIGH,not_confirmed,2026-10-08T15:27:48+05:30,2026-10-08T15:27:48+05:30,600.0000,697.1000,600.0000,697.1000,596.8500,16.7965,668.0000,555.0000,2026-09-18,4.3563,True,587069.0000,,,,False,0.5278,1.0000,,False,yfinance
2026-10-08,GLAND.NS,GLAND,Gland Pharma Limited,Healthcare,Small,HIGH,not_confirmed,2026-10-08T15:27:48+05:30,2026-10-08T15:27:48+05:30,3162.0000,3170.5000,3049.5000,3053.7000,3006.1001,1.5834,3042.0000,1573.6000,2026-09-07,4.2242,True,493153.0000,416569.9500,1.1838,1.1908,False,5.1861,0.0347,10.1609,False,yfinance
2026-10-08,PRADPME.NS,PRADPME,Pradeep Metals Limited,Unclassified,Micro,HIGH,not_confirmed,2026-10-08T15:27:48+05:30,2026-10-08T15:27:48+05:30,609.0500,621.0000,579.9500,588.9000,544.2500,8.2040,596.0000,357.0500,2026-06-29,4.1946,False,53673.0000,,,,False,11.9063,0.2180,,False,yfinance
2026-10-08,E2E.NS,E2E,E2E Networks Limited,Information Technology,Micro,HIGH,confirmed,2026-10-08T15:27:48+05:30,2026-10-10T00:11:18+05:30,744.0000,753.3500,698.0000,714.1500,723.3000,-1.2650,723.3000,183.3600,2026-10-07,4.1546,False,950336.0000,653686.6500,1.4538,1.4538,False,2.8619,0.2918,19.8283,False,yfinance
2026-10-08,MONEYVIEW.NS,MONEYVIEW,Moneyview Limited,Unclassified,Micro,HIGH,not_confirmed,2026-10-08T15:27:48+05:30,2026-10-08T15:27:48+05:30,64.4000,64.5600,55.6600,56.7200,50.5000,12.3168,62.0000,48.3400,2026-10-01,4.1290,False,375972077.0000,,,,False,27.5248,0.1191,,False,yfinance
2026-10-08,OCCLLTD.NS,OCCLLTD,OCCL Limited,Chemicals,Micro,HIGH,not_confirmed,2026-10-08T15:27:48+05:30,2026-10-08T15:27:48+05:30,215.4200,215.7000,206.4400,212.5000,207.5900,2.3652,207.6700,75.7100,2026-10-06,3.8667,True,164416.0000,88316.1000,1.8617,1.8726,True,3.7719,0.6544,35.8838,False,yfinance
2026-10-08,KMCSHIL.NS,KMCSHIL,K M C Speciality Hospitals (India) Limited,Unclassified,Micro,HIGH,not_confirmed,2026-10-08T15:27:48+05:30,2026-10-08T15:27:48+05:30,185.5000,185.5000,176.2100,177.5800,170.3600,4.2381,178.6000,128.4800,2026-10-01,3.8634,False,315613.0000,,,,False,8.8871,0.1475,,False,yfinance
2026-10-08,ZIMLAB.NS,ZIMLAB,Zim Laboratories Limited,Unclassified,Micro,HIGH,not_confirmed,2026-10-08T15:27:48+05:30,2026-10-08T15:27:48+05:30,149.6900,149.6900,140.1000,141.0000,138.5700,1.7536,144.4900,59.3100,2026-09-10,3.5989,False,105059.0000,131720.7500,0.7976,0.8023,False,8.0248,0.0938,19.3216,False,yfinance
2026-10-08,CUPID.NS,CUPID,Cupid Limited,Fast Moving Consumer Goods,Small,HIGH,confirmed,2026-10-08T15:27:48+05:30,2026-10-10T00:11:18+05:30,348.5000,357.0000,344.0000,356.6500,343.9500,3.6924,345.0000,41.8160,2026-10-07,3.4783,True,29558194.0000,26155332.4500,1.1301,1.1301,False,1.3229,0.9731,33.4515,False,yfinance
2026-10-08,AVADHSUGAR.NS,AVADHSUGAR,Avadh Sugar & Energy Limited,Unclassified,Micro,HIGH,confirmed,2026-10-08T15:27:48+05:30,2026-10-10T00:11:18+05:30,951.0000,978.8000,916.2000,939.5500,937.5500,0.2133,947.9500,306.0500,2026-10-07,3.2544,False,519526.0000,178330.9000,2.9133,2.9133,True,1.4346,0.3730,18.3983,False,yfinance
2026-10-08,UPHOT.NS,UPHOT,U P Hotels Limited,Unclassified,Micro,HIGH,not_confirmed,2026-10-08T15:27:48+05:30,2026-10-08T15:27:48+05:30,1530.0000,1597.0000,1465.1000,1597.0000,,,1550.0000,1320.0000,2026-09-16,3.0323,True,44.0000,,,,False,,1.0000,,False,yfinance
2026-10-08,SHANTIGOLD.NS,SHANTIGOLD,Shanti Gold International Limited,Consumer Durables,Micro,HIGH,confirmed,2026-10-08T15:27:48+05:30,2026-10-10T00:11:18+05:30,342.7500,361.3500,333.0000,350.6500,341.0500,2.8148,351.0000,155.0000,2026-10-07,2.9487,False,5937219.0000,4657320.2500,1.2748,1.2748,False,0.4985,0.6226,36.0321,False,yfinance
2026-10-08,MILKYMIST.NS,MILKYMIST,Milky Mist Dairy Food Limited,Unclassified,Micro,HIGH,not_confirmed,2026-10-08T15:27:48+05:30,2026-10-08T15:27:48+05:30,335.0000,342.4000,320.1000,329.8000,319.2000,3.3208,333.1100,165.0000,2026-09-24,2.7889,False,1789293.0000,,,,False,4.9499,0.4350,,False,yfinance
2026-10-08,HFCL.NS,HFCL,HFCL Limited,Telecommunication,Small,HIGH,not_confirmed,2026-10-08T15:27:48+05:30,2026-10-08T15:27:48+05:30,269.0000,270.0000,258.3100,258.3100,262.7800,-1.7010,262.7800,59.8200,2026-10-06,2.7475,False,6329649.0000,6284410.4500,1.0072,1.0131,False,2.3670,0.0000,9.9818,False,yfinance
2026-10-08,LOKESHMACH.NS,LOKESHMACH,Lokesh Machines Limited,Capital Goods,Micro,HIGH,confirmed,2026-10-08T15:27:48+05:30,2026-10-10T00:11:18+05:30,465.6000,488.0000,442.0000,447.8500,465.4500,-3.7813,475.0000,138.9600,2026-10-07,2.7368,False,424361.0000,203885.2500,2.0814,2.0814,True,0.0322,0.1272,31.7099,False,yfinance
2026-10-08,THELEELA.NS,THELEELA,Leela Palaces Hotels & Resorts Limited,Consumer Services,Micro,HIGH,not_confirmed,2026-10-08T15:27:48+05:30,2026-10-08T15:27:48+05:30,604.4500,605.5000,584.0500,585.9500,582.7000,0.5578,589.7000,384.5000,2026-10-06,2.6793,False,253789.0000,365097.7000,0.6951,0.6992,False,3.7326,0.0886,12.7286,False,yfinance
2026-10-08,PTCIL.NS,PTCIL,PTC Industries Limited,Capital Goods,Small,HIGH,not_confirmed,2026-10-08T15:27:48+05:30,2026-10-08T15:27:48+05:30,24685.0000,24685.0000,24105.0000,24490.0000,23125.0000,5.9027,24125.0000,14499.0000,2026-09-04,2.3212,True,31850.0000,20217.2500,1.5754,1.5846,True,6.7459,0.6638,10.0650,False,yfinance
2026-10-08,MMP.NS,MMP,MMP Industries Limited,Unclassified,Micro,HIGH,confirmed,2026-10-08T15:27:48+05:30,2026-10-10T00:11:18+05:30,512.0000,515.4500,475.1500,483.2500,498.8000,-3.1175,504.0000,185.2000,2026-10-07,2.2718,False,213115.0000,106897.4500,1.9936,1.9936,True,2.6464,0.2010,15.1149,False,yfinance
2026-10-08,ALUFLUOR.NS,ALUFLUOR,Alufluoride Limited,Chemicals,Micro,HIGH,not_confirmed,2026-10-08T15:27:48+05:30,2026-10-08T15:27:48+05:30,658.1500,661.9500,640.0000,641.0000,619.4500,3.4789,649.0000,421.0000,2026-09-29,1.9954,False,8830.0000,,,,False,6.2475,0.0456,,False,yfinance
2026-10-08,GFSTEELS.NS,GFSTEELS,Grand Foundry Limited,Metals & Mining,Micro,HIGH,confirmed,2026-10-08T15:27:48+05:30,2026-10-10T00:11:18+05:30,41.4300,41.4300,41.4300,41.4300,40.6200,1.9941,40.6200,10.2100,2026-10-07,1.9941,True,13521.0000,36690.2500,0.3685,0.3685,False,1.9941,,182.7072,False,yfinance
2026-10-08,BAFNAPH.NS,BAFNAPH,Bafna Pharmaceuticals Limited,Unclassified,Micro,HIGH,confirmed,2026-10-08T15:27:48+05:30,2026-10-10T00:11:18+05:30,409.8500,409.8500,409.8000,409.8500,401.8500,1.9908,401.8500,94.7700,2026-10-07,1.9908,True,1108.0000,4196.3000,0.2640,0.2640,False,1.9908,1.0000,42.3315,False,yfinance
2026-10-08,OILCOUNTUB.NS,OILCOUNTUB,Oil Country Tubular Limited,Unclassified,Micro,HIGH,confirmed,2026-10-08T15:27:48+05:30,2026-10-10T00:11:18+05:30,84.5600,84.5600,84.5600,84.5600,82.9100,1.9901,82.9100,35.6500,2026-10-07,1.9901,True,142655.0000,39230.9500,3.6363,3.6363,True,1.9901,,39.1503,False,yfinance
2026-10-08,DSKULKARNI.NS,DSKULKARNI,DS Kulkarni Developers Limited,Realty,Micro,HIGH,confirmed,2026-10-08T15:27:48+05:30,2026-10-10T00:11:18+05:30,28.2100,28.2100,28.2100,28.2100,27.6600,1.9884,27.6600,8.6000,2026-10-07,1.9884,True,144.0000,171.9000,0.8377,0.8377,False,1.9884,,48.9819,False,yfinance
2026-10-08,AUGMONT.NS,AUGMONT,Augmont Enterprises Limited,Consumer Durables,Micro,HIGH,not_confirmed,2026-10-08T15:27:48+05:30,2026-10-08T15:27:48+05:30,1229.0000,1277.0000,1210.1000,1277.0000,1162.2000,9.8778,1254.9000,806.0500,2026-10-05,1.7611,True,807405.0000,,,,False,5.7477,1.0000,,False,yfinance
2026-10-08,KIRANVYPAR.NS,KIRANVYPAR,Kiran Vyapar Limited,Unclassified,Micro,HIGH,not_confirmed,2026-10-08T15:27:48+05:30,2026-10-08T15:27:48+05:30,203.0000,225.4000,195.0000,195.0000,177.0500,10.1384,221.7800,148.2700,2026-09-22,1.6322,False,74814.0000,,,,False,14.6569,0.0000,,False,yfinance
2026-10-08,MOREPENLAB.NS,MOREPENLAB,Morepen Laboratories Limited,Healthcare,Micro,HIGH,not_confirmed,2026-10-08T15:27:48+05:30,2026-10-08T15:27:48+05:30,147.4800,147.4800,133.2600,137.8100,143.9600,-4.2720,145.2500,33.0500,2026-10-06,1.5353,False,21179081.0000,16720174.8000,1.2667,1.2741,False,2.4451,0.3200,24.5964,False,yfinance
2026-10-08,PRIORITY.NS,PRIORITY,Priority Jewels Limited,Unclassified,Micro,HIGH,not_confirmed,2026-10-08T15:27:48+05:30,2026-10-08T15:27:48+05:30,319.9000,334.4500,306.1000,308.0000,311.8500,-1.2346,329.5500,209.6100,2026-09-25,1.4869,False,639504.0000,,,,False,2.5814,0.0670,,False,yfinance
2026-10-08,KMEW.NS,KMEW,Knowledge Marine & Engineering Works Limited,Services,Micro,HIGH,confirmed,2026-10-08T15:27:48+05:30,2026-10-10T00:11:18+05:30,3230.0000,3307.0000,3168.0000,3256.7000,3214.0000,1.3286,3268.5000,1084.6000,2026-10-07,1.1779,False,177999.0000,138524.5500,1.2850,1.2850,False,0.4978,0.6381,16.4714,False,yfinance
2026-10-08,FINEORG.NS,FINEORG,Fine Organic Industries Limited,Chemicals,Micro,HIGH,not_confirmed,2026-10-08T15:27:48+05:30,2026-10-08T15:27:48+05:30,5650.0000,5650.0000,5354.5000,5375.0000,5537.0000,-2.9258,5590.0000,3856.0000,2026-10-06,1.0733,False,38333.0000,22956.0500,1.6698,1.6797,True,2.0408,0.0694,11.2994,False,yfinance
2026-10-08,INDOMIM.NS,INDOMIM,INDO-MIM Limited,Unclassified,Micro,HIGH,not_confirmed,2026-10-08T15:27:48+05:30,2026-10-08T15:27:48+05:30,1369.0000,1374.4000,1231.3000,1248.9000,1350.2000,-7.5026,1360.0000,700.0000,2026-10-06,1.0588,False,2412050.0000,,,,False,1.3924,0.1230,,False,yfinance
2026-10-08,IOLCP.NS,IOLCP,IOL Chemicals and Pharmaceuticals Limited,Unclassified,Micro,HIGH,not_confirmed,2026-10-08T15:27:48+05:30,2026-10-08T15:27:48+05:30,220.4100,220.9800,203.2400,204.1600,214.9000,-4.9977,219.0400,67.1900,2026-09-08,0.8857,False,4113088.0000,3342481.4500,1.2305,1.2378,False,2.5640,0.0519,3.7384,False,yfinance
2026-10-08,SUNFLAG.NS,SUNFLAG,Sunflag Iron And Steel Company Limited,Capital Goods,Micro,HIGH,not_confirmed,2026-10-08T15:27:48+05:30,2026-10-08T15:27:48+05:30,477.0000,477.0000,450.7000,450.7000,459.0500,-1.8190,473.0000,192.1500,2026-10-06,0.8457,False,422583.0000,764670.7500,0.5526,0.5559,False,3.9102,0.0000,40.1959,False,yfinance
2026-10-08,SKYGOLD.NS,SKYGOLD,SKY GOLD AND DIAMONDS LIMITED,Consumer Durables,Micro,HIGH,confirmed,2026-10-08T15:27:48+05:30,2026-10-10T00:11:18+05:30,873.6500,901.8000,844.7500,884.5000,876.9500,0.8609,894.8000,259.0000,2026-10-07,0.7823,False,2677878.0000,1032921.8000,2.5925,2.5925,True,-0.3763,0.6968,18.7320,False,yfinance
2026-10-08,EBGNG.NS,EBGNG,GNG Electronics Limited,Information Technology,Micro,HIGH,confirmed,2026-10-08T15:27:48+05:30,2026-10-10T00:11:18+05:30,735.0000,740.4000,689.0000,692.1500,731.3500,-5.3599,735.0000,239.0000,2026-10-07,0.7347,False,884893.0000,893158.0000,0.9907,0.9907,False,0.4991,0.0613,18.3066,False,yfinance
2026-10-08,PREMIERPOL.NS,PREMIERPOL,Premier Polyfilm Limited,Chemicals,Micro,HIGH,confirmed,2026-10-08T15:27:48+05:30,2026-10-10T00:11:18+05:30,104.6000,106.7000,97.5000,98.2500,101.2300,-2.9438,106.0500,38.0000,2026-10-05,0.6129,False,1065254.0000,1199616.9000,0.8880,0.8880,False,3.3290,0.0815,13.9429,False,yfinance
2026-10-08,AEROPLANE.NS,AEROPLANE,Amir Chand Jagdish Kumar (Exports) Limited,Fast Moving Consumer Goods,Micro,HIGH,confirmed,2026-10-08T15:27:48+05:30,2026-10-10T00:11:18+05:30,219.9900,220.8900,211.9000,216.0900,218.4400,-1.0758,219.7000,117.0200,2026-10-07,0.5416,False,972495.0000,1004417.0000,0.9682,0.9682,False,0.7096,0.4661,15.6270,True,yfinance
2026-10-08,GCSL.NS,GCSL,Gretex Corporate Services Limited,Financial Services,Micro,HIGH,not_confirmed,2026-10-08T15:27:48+05:30,2026-10-08T15:27:48+05:30,693.2500,699.7000,681.4500,697.1500,693.0500,0.5916,696.2500,213.1500,2026-10-06,0.4955,True,478893.0000,620602.2000,0.7717,0.7762,False,0.0289,0.8603,24.1095,False,yfinance
2026-10-08,SHADOWFAX.NS,SHADOWFAX,Shadowfax Technologies Limited,Services,Micro,HIGH,not_confirmed,2026-10-08T15:27:48+05:30,2026-10-08T15:27:48+05:30,293.5000,293.5500,284.2500,287.5000,288.0000,-0.1736,292.2000,98.5500,2026-09-24,0.4620,False,3455941.0000,4158816.2000,0.8310,0.8359,False,1.9097,0.3495,22.0861,True,yfinance
2026-10-08,TATVA.NS,TATVA,Tatva Chintan Pharma Chem Limited,Chemicals,Micro,HIGH,confirmed,2026-10-08T15:27:48+05:30,2026-10-10T00:11:18+05:30,1999.9000,2008.7000,1841.4000,1855.6000,1991.2000,-6.8100,2000.0000,992.3000,2026-10-07,0.4350,False,140860.0000,87710.5000,1.6060,1.6060,True,0.4369,0.0849,15.9304,False,yfinance
2026-10-08,RAMBHAJO.NS,RAMBHAJO,Advit Jewels Limited,Consumer Durables,Micro,HIGH,confirmed,2026-10-08T15:27:48+05:30,2026-10-10T00:11:18+05:30,361.5000,364.8000,346.0000,356.5500,360.8000,-1.1779,363.3500,161.6000,2026-10-07,0.3991,False,721735.0000,874090.1500,0.8257,0.8257,False,0.1940,0.5612,35.5423,True,yfinance
2026-10-08,ORIENTBELL.NS,ORIENTBELL,Orient Bell Limited,Unclassified,Micro,HIGH,confirmed,2026-10-08T15:27:48+05:30,2026-10-10T00:11:18+05:30,433.0000,442.0000,412.0000,413.0000,432.5500,-4.5197,440.4000,246.5500,2026-10-07,0.3633,False,91820.0000,29864.5000,3.0746,3.0746,True,0.1040,0.0333,6.0013,False,yfinance
2026-10-08,SWANDEF.NS,SWANDEF,Swan Defence and Heavy Industries Limited,Capital Goods,Micro,HIGH,confirmed,2026-10-08T15:27:48+05:30,2026-10-10T00:11:18+05:30,2703.1001,2814.8999,2670.0000,2785.1001,2759.3999,0.9314,2804.8999,605.9500,2026-09-23,0.3565,False,24580.0000,18948.0000,1.2972,1.2972,False,-2.0403,0.7943,18.0897,False,yfinance
2026-10-08,GLOBAL.NS,GLOBAL,Global Education Limited,Services,Micro,HIGH,confirmed,2026-10-08T15:27:48+05:30,2026-10-10T00:11:18+05:30,145.8500,145.8500,139.8000,141.4100,144.7900,-2.3344,145.4900,55.3000,2026-10-07,0.2474,False,147670.0000,253835.9500,0.5818,0.5818,False,0.7321,0.2661,24.2017,False,yfinance
2026-10-08,EMIL.NS,EMIL,Electronics Mart India Limited,Consumer Services,Micro,HIGH,not_confirmed,2026-10-08T15:27:48+05:30,2026-10-08T15:27:48+05:30,212.1000,212.1400,192.1000,195.0100,201.4200,-3.1824,211.6600,84.9000,2026-10-05,0.2268,False,4739432.0000,4602881.0000,1.0297,1.0357,False,5.3024,0.1452,11.8038,False,yfinance
2026-10-08,SHREEJISPG.NS,SHREEJISPG,Shreeji Shipping Global Limited,Services,Micro,HIGH,confirmed,2026-10-08T15:27:48+05:30,2026-10-10T00:11:18+05:30,809.0000,809.7500,789.0000,800.7500,802.1000,-0.1683,808.0000,222.0000,2026-10-07,0.2166,False,1184742.0000,1043896.8000,1.1349,1.1349,False,0.8602,0.5663,20.9327,False,yfinance
2026-10-08,DBOL.NS,DBOL,Dhampur Bio Organics Limited,Unclassified,Micro,HIGH,confirmed,2026-10-08T15:27:48+05:30,2026-10-10T00:11:18+05:30,141.0000,143.0900,134.7200,140.4300,140.2500,0.1283,142.8200,69.0000,2026-10-07,0.1890,False,472789.0000,273158.2000,1.7308,1.7308,True,0.5348,0.6822,16.6311,False,yfinance
2026-10-08,HITECHCORP.NS,HITECHCORP,Hitech Corporation Limited,Unclassified,Micro,HIGH,confirmed,2026-10-08T15:27:48+05:30,2026-10-10T00:11:18+05:30,350.1000,354.3000,348.0000,350.5500,349.1000,0.4153,353.8000,112.0000,2026-10-07,0.1413,False,60899.0000,19832.5500,3.0707,3.0707,True,0.2865,0.4048,11.3524,False,yfinance
2026-10-08,TFCILTD.NS,TFCILTD,Tourism Finance Corporation of India Limited,Unclassified,Micro,HIGH,confirmed,2026-10-08T15:27:48+05:30,2026-10-10T00:11:18+05:30,153.1000,154.1900,145.6500,146.6500,152.2400,-3.6718,154.0000,51.0000,2026-10-07,0.1234,False,8707702.0000,13085166.5000,0.6655,0.6655,False,0.5649,0.1171,10.5881,False,yfinance
2026-10-08,FINCABLES.NS,FINCABLES,Finolex Cables Limited,Capital Goods,Small,HIGH,confirmed,2026-10-08T15:27:48+05:30,2026-10-10T00:11:18+05:30,1497.3000,1499.0000,1396.6000,1402.2000,1483.5000,-5.4803,1498.0000,700.8000,2026-09-11,0.0668,False,719704.0000,1137946.8500,0.6325,0.6325,False,0.9302,0.0547,20.7859,False,yfinance
2026-10-08,SWASTIKAIN.NS,SWASTIKAIN,Swastika Infra Limited,Unclassified,Micro,HIGH,not_confirmed,2026-10-08T15:27:48+05:30,2026-10-08T15:27:48+05:30,220.6300,220.6300,215.0000,220.6300,200.1300,10.2433,220.5000,198.0500,2026-10-01,0.0590,True,705490.0000,,,,False,10.2433,1.0000,,False,yfinance
2026-10-08,KINGFA.NS,KINGFA,Kingfa Science & Technology (India) Limited,Chemicals,Micro,HIGH,confirmed,2026-10-08T15:27:48+05:30,2026-10-10T00:11:18+05:30,6997.0000,6997.0000,6715.0000,6804.0000,6932.5000,-1.8536,6996.0000,3649.8999,2026-10-06,0.0143,False,8335.0000,17967.0000,0.4639,0.4639,False,0.9304,0.3156,18.8493,False,yfinance
2026-10-08,ITL.NS,ITL,ITL Industries Limited,Unclassified,Micro,HIGH,not_confirmed,2026-10-08T15:27:48+05:30,2026-10-08T15:27:48+05:30,373.9500,379.0000,362.5500,369.0000,366.7500,0.6135,378.9500,311.1000,2026-09-15,0.0132,False,6809.0000,,,,False,1.9632,0.3921,,False,yfinance
2026-10-08,BOSCH-HCIL.NS,BOSCH-HCIL,BOSCH HOME COMFORT INDIA LIMITED,Consumer Durables,Micro,HIGH,confirmed,2026-10-08T15:27:48+05:30,2026-10-10T00:11:18+05:30,1960.0000,2037.0000,1910.0000,1943.8000,1948.1000,-0.2207,2036.9000,1021.3000,2026-10-05,0.0049,False,102060.0000,56473.5000,1.8072,1.8072,True,0.6109,0.2661,11.6286,False,yfinance
2026-10-08,KALYANI.NS,KALYANI,Kalyani Commercials Limited,Automobile and Auto Components,Micro,HIGH,confirmed,2026-10-10T00:11:18+05:30,2026-10-10T00:11:18+05:30,144.9900,144.9900,144.9900,144.9900,144.9900,0.0000,144.9900,138.0900,2026-08-28,0.0000,True,0.0000,0.0000,,,False,0.0000,,6.5072,False,yfinance
2026-10-08,BUILDPRO.NS,BUILDPRO,Shankara Buildpro Limited,Consumer Durables,Micro,LOW,not_confirmed,2026-10-08T15:27:48+05:30,2026-10-08T15:27:48+05:30,259.7000,260.3000,234.1000,252.5000,1301.5000,-80.5993,1380.0000,636.0000,2026-01-27,-63.1918,True,392121.0000,69301.4000,5.6582,5.6915,True,-80.0461,0.7023,-73.6224,True,yfinance
2026-10-08,BHAGYANGR.NS,BHAGYANGR,Bhagyanagar India Limited,Metals & Mining,Micro,LOW,confirmed,2026-10-08T15:27:48+05:30,2026-10-10T00:11:18+05:30,39.0000,41.4000,39.0000,41.4000,454.5500,-90.8921,467.9000,92.0000,2025-09-30,-57.6087,True,118087.0000,240379.3500,0.4913,0.4913,False,-91.4201,1.0000,-82.4055,False,yfinance
2026-10-08,INOXGREEN.NS,INOXGREEN,Inox Green Energy Services Limited,Unclassified,Micro,LOW,confirmed,2026-10-08T15:27:48+05:30,2026-10-10T00:11:18+05:30,135.1700,135.1700,108.7000,115.0800,135.8700,-15.3014,279.0000,132.5800,2026-03-23,-18.0118,True,43594723.0000,1828047.5500,23.8477,23.8477,True,-0.5152,0.2410,-26.6946,False,yfinance
2026-10-08,VTMLTD.NS,VTMLTD,VTM Limited,Unclassified,Micro,LOW,not_confirmed,2026-10-08T15:27:48+05:30,2026-10-08T15:27:48+05:30,33.6900,34.4000,30.3000,31.5000,35.9200,-12.3051,61.9000,35.3800,2026-10-06,-14.3584,True,204783.0000,,,,False,-6.2082,0.2927,,False,yfinance
2026-10-08,SONAL.NS,SONAL,Sonal Mercantile Limited,Unclassified,Micro,LOW,not_confirmed,2026-10-08T15:27:48+05:30,2026-10-08T15:27:48+05:30,84.4000,88.0000,73.3500,85.0000,83.1900,2.1757,104.7500,82.5000,2026-09-01,-11.0909,False,581.0000,,,,False,1.4545,0.7952,,False,yfinance
2026-10-08,GSPLTRANS.NS,GSPLTRANS,GSPL Transmission Limited,Unclassified,Micro,LOW,not_confirmed,2026-10-08T15:27:48+05:30,2026-10-08T15:27:48+05:30,111.7500,116.8000,111.7500,111.7500,123.8200,-9.7480,159.6000,123.8200,2026-10-06,-9.7480,True,1045473.0000,,,,False,-9.7480,0.0000,,False,yfinance
2026-10-08,PIONRINV.NS,PIONRINV,Pioneer Investcorp Limited,Unclassified,Micro,LOW,not_confirmed,2026-10-08T15:27:48+05:30,2026-10-08T15:27:48+05:30,62.6000,62.6000,59.4700,59.4700,65.8900,-9.7435,135.4400,65.8900,2026-10-06,-9.7435,True,28668.0000,,,,False,-4.9932,0.0000,,False,yfinance
2026-10-08,SUPREMEINF.NS,SUPREMEINF,Supreme Infrastructure India Limited,Construction,Micro,LOW,confirmed,2026-10-08T15:27:48+05:30,2026-10-10T00:11:18+05:30,55.2100,55.5600,49.2100,49.9200,54.6700,-8.6885,110.8800,53.5100,2026-10-07,-8.0359,True,456795.0000,89291.2500,5.1158,5.1158,True,0.9877,0.1118,-35.2907,False,yfinance
2026-10-08,RUNWALENTR.NS,RUNWALENTR,Runwal Enterprises Limited,Unclassified,Micro,LOW,not_confirmed,2026-10-08T15:27:48+05:30,2026-10-08T15:27:48+05:30,279.4500,283.0000,258.9000,268.9000,290.6000,-7.4673,307.7500,281.2000,2026-10-05,-7.9303,True,724302.0000,,,,False,-3.8369,0.4149,,False,yfinance
2026-10-08,JSLL.NS,JSLL,Jeena Sikho Lifecare Limited,Consumer Services,Micro,LOW,confirmed,2026-10-08T15:27:48+05:30,2026-10-10T00:11:18+05:30,417.3000,419.8000,377.7500,381.2500,417.2000,-8.6170,839.0000,407.2500,2026-10-07,-7.2437,True,3804816.0000,705020.6000,5.3967,5.3967,True,0.0240,0.0832,-19.7144,False,yfinance
2026-10-08,INOXWIND.NS,INOXWIND,Inox Wind Limited,Capital Goods,Small,LOW,confirmed,2026-10-08T15:27:48+05:30,2026-10-10T00:11:18+05:30,67.1000,67.4000,62.4300,62.4300,67.1000,-6.9598,159.3000,66.7300,2026-10-07,-6.4439,True,21894766.0000,9802137.6000,2.2337,2.2337,True,0.0000,0.0000,-10.9135,False,yfinance
2026-10-08,HUBTOWN.NS,HUBTOWN,Hubtown Limited,Unclassified,Micro,LOW,confirmed,2026-10-08T15:27:48+05:30,2026-10-10T00:11:18+05:30,164.6800,165.7900,154.0000,155.1300,164.5200,-5.7075,339.0000,163.7500,2026-10-07,-5.9542,True,647056.0000,425992.1000,1.5189,1.5189,True,0.0972,0.0958,-11.8068,False,yfinance
2026-10-08,VISHAL.NS,VISHAL,Vishal Fabrics Limited,Unclassified,Micro,LOW,not_confirmed,2026-10-08T15:27:48+05:30,2026-10-08T15:27:48+05:30,17.1300,17.5000,16.0200,16.7000,17.5000,-4.5714,21.9400,17.0000,2026-10-05,-5.7647,True,67234.0000,,,,False,-2.1143,0.4595,,False,yfinance
2026-10-08,OMINFRAL.NS,OMINFRAL,OM INFRA LIMITED,Unclassified,Micro,LOW,confirmed,2026-10-08T15:27:48+05:30,2026-10-10T00:11:18+05:30,72.4500,72.9900,67.3900,68.8600,72.4500,-4.9551,135.0000,71.5000,2026-01-27,-5.7483,True,116818.0000,62818.2500,1.8596,1.8596,True,0.0000,0.2625,-11.1638,False,yfinance
2026-10-08,NCC.NS,NCC,NCC Limited,Construction,Small,LOW,confirmed,2026-10-08T15:27:48+05:30,2026-10-10T00:11:18+05:30,126.8800,126.8800,119.0100,119.9300,126.8800,-5.4776,217.2500,125.8600,2026-10-07,-5.4426,True,3547134.0000,3641910.3500,0.9740,0.9740,False,0.0000,0.1169,-13.8950,False,yfinance
2026-10-08,POEL.NS,POEL,POCL Enterprises Limited,Unclassified,Micro,LOW,not_confirmed,2026-10-08T15:27:48+05:30,2026-10-08T15:27:48+05:30,135.3500,136.3500,125.1000,128.5000,133.7100,-3.8965,168.9700,132.1500,2026-10-06,-5.3348,True,29675.0000,,,,False,1.2265,0.3022,,False,yfinance
2026-10-08,BIGBLOC.NS,BIGBLOC,Bigbloc Construction Limited,Capital Goods,Micro,LOW,confirmed,2026-10-08T15:27:48+05:30,2026-10-10T00:11:18+05:30,36.3000,36.9000,34.4600,34.6300,36.4700,-5.0452,80.0000,36.3000,2026-10-07,-5.0689,True,76141.0000,39346.7000,1.9351,1.9351,True,-0.4661,0.0697,-9.9061,False,yfinance
2026-10-08,VAML.NS,VAML,Vedanta Aluminium Metal Limited,Metals & Mining,Large,LOW,confirmed,2026-10-08T15:27:48+05:30,2026-10-10T00:11:18+05:30,394.0000,394.8000,372.0000,374.4500,394.0000,-4.9619,537.0000,391.4500,2026-10-05,-4.9687,True,6597010.0000,9752592.8500,0.6764,0.6764,False,0.0000,0.1075,-8.1773,True,yfinance
2026-10-08,SUZLON.NS,SUZLON,Suzlon Energy Limited,Capital Goods,Mid,LOW,confirmed,2026-10-08T15:27:48+05:30,2026-10-10T00:11:18+05:30,38.4300,38.4300,36.3100,36.4300,38.3400,-4.9817,61.5000,38.1900,2026-03-09,-4.9227,True,85701657.0000,56282069.8000,1.5227,1.5227,True,0.2347,0.0566,-13.5148,False,yfinance
2026-10-08,CHAMBLFERT.NS,CHAMBLFERT,Chambal Fertilizers & Chemicals Limited,Chemicals,Small,LOW,confirmed,2026-10-08T15:27:48+05:30,2026-10-10T00:11:18+05:30,396.4000,397.0500,376.1000,378.6500,396.3500,-4.4658,522.0000,394.5500,2026-10-07,-4.6762,True,715945.0000,446366.3500,1.6039,1.6039,True,0.0126,0.1217,-2.9175,False,yfinance
2026-10-08,WILLAMAGOR.NS,WILLAMAGOR,Williamson Magor & Company Limited,Financial Services,Micro,LOW,confirmed,2026-10-08T15:27:48+05:30,2026-10-10T00:11:18+05:30,21.7400,22.0700,19.6000,19.9100,21.6300,-7.9519,37.0000,20.5300,2026-10-01,-4.5300,True,10148.0000,3345.7000,3.0331,3.0331,True,0.5086,0.1255,-9.6965,False,yfinance
2026-10-08,RTNPOWER.NS,RTNPOWER,RattanIndia Power Limited,Power,Micro,LOW,confirmed,2026-10-08T15:27:48+05:30,2026-10-10T00:11:18+05:30,6.7000,6.7300,6.3600,6.4300,6.7000,-4.0299,11.9400,6.6600,2026-10-01,-4.5045,True,14694768.0000,15107440.6500,0.9727,0.9727,False,0.0000,0.1892,-5.6513,False,yfinance
2026-10-08,DPSCLTD.NS,DPSCLTD,DPSC Limited,Unclassified,Micro,LOW,confirmed,2026-10-08T15:27:48+05:30,2026-10-10T00:11:18+05:30,6.4100,6.5500,6.1300,6.3700,6.4400,-1.0870,12.5100,6.4100,2026-10-07,-4.3682,True,128371.0000,85537.0500,1.5008,1.5008,True,-0.4658,0.5714,-4.7742,False,yfinance
2026-10-08,INTELLECT.NS,INTELLECT,Intellect Design Arena Limited,Information Technology,Small,LOW,confirmed,2026-10-08T15:27:48+05:30,2026-10-10T00:11:18+05:30,591.3500,603.0000,564.0500,567.3500,591.3500,-4.0585,1244.6000,589.0000,2026-10-07,-4.2360,True,467950.0000,299594.9500,1.5619,1.5619,True,0.0000,0.0847,-10.3220,False,yfinance
2026-10-08,PIIND.NS,PIIND,PI Industries Limited,Chemicals,Mid,LOW,confirmed,2026-10-08T15:27:48+05:30,2026-10-10T00:11:18+05:30,2212.7000,2212.7000,2100.0000,2100.0000,2210.0000,-4.9774,3832.8999,2191.0000,2026-09-11,-4.1534,True,246249.0000,295328.0500,0.8338,0.8338,False,0.1222,0.0000,-7.0731,False,yfinance
2026-10-08,SHAKTIPUMP.NS,SHAKTIPUMP,Shakti Pumps (India) Limited,Capital Goods,Micro,LOW,confirmed,2026-10-08T15:27:48+05:30,2026-10-10T00:11:18+05:30,447.0000,447.3000,423.0000,426.6500,447.4000,-4.6379,831.0500,441.1500,2026-10-05,-4.1142,True,700324.0000,1153863.8000,0.6069,0.6069,False,-0.0894,0.1502,-2.1233,False,yfinance
2026-10-08,STARCEMENT.NS,STARCEMENT,Star Cement Limited,Unclassified,Micro,LOW,confirmed,2026-10-08T15:27:48+05:30,2026-10-10T00:11:18+05:30,174.3000,175.0000,167.6200,169.6500,174.8800,-2.9906,273.0000,174.5000,2026-10-07,-3.9427,True,222369.0000,187534.3500,1.1858,1.1858,False,-0.3317,0.2751,-6.2243,False,yfinance
2026-10-08,SJVN.NS,SJVN,SJVN Limited,Power,Small,LOW,confirmed,2026-10-08T15:27:48+05:30,2026-10-10T00:11:18+05:30,56.6000,56.6000,54.0100,54.2400,56.3600,-3.7615,92.1600,56.2000,2026-10-07,-3.8968,True,4063317.0000,2899485.0500,1.4014,1.4014,False,0.4258,0.0888,-10.7595,False,yfinance
2026-10-08,KEC.NS,KEC,KEC International Limited,Construction,Small,LOW,confirmed,2026-10-08T15:27:48+05:30,2026-10-10T00:11:18+05:30,363.5000,364.0000,348.0000,349.6000,362.5000,-3.5586,893.0000,362.0000,2026-10-07,-3.8674,True,1237294.0000,1147337.4500,1.0784,1.0784,False,0.2759,0.1000,-6.4519,False,yfinance
2026-10-08,ABMKNO.NS,ABMKNO,ABM Knowledgeware Limited,Information Technology,Micro,LOW,not_confirmed,2026-10-08T15:27:48+05:30,2026-10-08T15:27:48+05:30,164.4100,164.9900,155.0000,162.5000,165.8700,-2.0317,254.9000,161.2000,2026-10-06,-3.8462,False,5706.0000,,,,False,-0.8802,0.7508,,False,yfinance
2026-10-08,BBTC.NS,BBTC,The Bombay Burmah Trading Corporation Limited,Fast Moving Consumer Goods,Micro,LOW,confirmed,2026-10-08T15:27:48+05:30,2026-10-10T00:11:18+05:30,1269.4000,1269.4000,1215.1000,1224.6000,1269.4000,-3.5292,2135.0000,1263.2000,2026-10-07,-3.8078,True,95885.0000,182203.8500,0.5263,0.5263,False,0.0000,0.1750,-10.2942,False,yfinance
2026-10-08,VIKRAMSOLR.NS,VIKRAMSOLR,Vikram Solar Limited,Capital Goods,Micro,LOW,confirmed,2026-10-08T15:27:48+05:30,2026-10-10T00:11:18+05:30,148.9000,148.9000,143.0000,143.3100,148.9400,-3.7800,354.4000,148.5100,2026-10-07,-3.7102,True,2341088.0000,1599671.6000,1.4635,1.4635,False,-0.0269,0.0525,-7.0626,False,yfinance
2026-10-08,ELIN.NS,ELIN,Elin Electronics Limited,Unclassified,Micro,LOW,confirmed,2026-10-08T15:27:48+05:30,2026-10-10T00:11:18+05:30,79.1000,79.1000,74.0000,75.5600,77.0700,-1.9593,222.9900,76.8500,2026-10-07,-3.7085,True,92409.0000,154177.7500,0.5994,0.5994,False,2.6340,0.3059,-14.8991,False,yfinance
2026-10-08,RVNL.NS,RVNL,Rail Vikas Nigam Limited,Construction,Mid,LOW,confirmed,2026-10-08T15:27:48+05:30,2026-10-10T00:11:18+05:30,195.0000,195.6000,186.9000,187.2000,195.8700,-4.4264,400.7000,194.0500,2026-10-01,-3.6846,True,5378212.0000,4904838.2500,1.0965,1.0965,False,-0.4442,0.0345,-4.3712,False,yfinance
2026-10-08,UPL.NS,UPL,UPL Limited,Chemicals,Mid,LOW,confirmed,2026-10-08T15:27:48+05:30,2026-10-10T00:11:18+05:30,497.7500,497.7500,476.4500,481.0500,495.0000,-2.8182,812.2000,494.6000,2026-10-07,-3.6696,True,2055106.0000,2370445.4500,0.8670,0.8670,False,0.5556,0.2160,-9.5400,False,yfinance
2026-10-08,TREJHARA.NS,TREJHARA,TREJHARA SOLUTIONS LIMITED,Unclassified,Micro,LOW,confirmed,2026-10-08T15:27:48+05:30,2026-10-10T00:11:18+05:30,127.4700,132.5000,121.2100,124.4300,127.4800,-2.3925,284.8500,125.7500,2026-10-07,-3.6103,True,22269.0000,20035.1000,1.1115,1.1115,False,-0.0078,0.2852,-8.9558,False,yfinance
2026-10-08,AVROIND.NS,AVROIND,AVRO INDIA LIMITED,Consumer Durables,Micro,LOW,confirmed,2026-10-08T15:27:48+05:30,2026-10-10T00:11:18+05:30,6.1800,6.2900,5.6100,5.8700,6.1300,-4.2414,15.8700,5.8200,2026-10-07,-3.6082,False,294136.0000,347289.5000,0.8469,0.8469,False,0.8157,0.3824,-24.4340,False,yfinance
2026-10-08,HAZOOR.NS,HAZOOR,Hazoor Multi Projects Limited,Unclassified,Micro,LOW,not_confirmed,2026-10-08T15:27:48+05:30,2026-10-08T15:27:48+05:30,18.6000,18.8300,16.8300,16.9700,18.0000,-5.7222,22.4900,17.4400,2026-08-27,-3.4977,True,680284.0000,,,,False,3.3333,0.0700,,False,yfinance
2026-10-08,IREDA.NS,IREDA,Indian Renewable Energy Development Agency Limited,Financial Services,Mid,LOW,confirmed,2026-10-08T15:27:48+05:30,2026-10-10T00:11:18+05:30,107.5000,107.9400,103.4100,103.8000,107.3300,-3.2889,158.7000,107.1200,2026-10-07,-3.4634,True,5964182.0000,4949048.3500,1.2051,1.2051,False,0.1584,0.0861,-1.5938,False,yfinance
2026-10-08,RAYMONDLSL.NS,RAYMONDLSL,Raymond Lifestyle Limited,Textiles,Micro,LOW,confirmed,2026-10-08T15:27:48+05:30,2026-10-10T00:11:18+05:30,625.0500,625.1500,593.9000,596.4000,624.8500,-4.5531,1246.4000,615.0000,2026-10-01,-3.4309,True,302600.0000,383112.6000,0.7898,0.7898,False,0.0320,0.0800,-4.8615,False,yfinance
2026-10-08,JAICORPLTD.NS,JAICORPLTD,Jai Corp Limited,Chemicals,Micro,LOW,confirmed,2026-10-08T15:27:48+05:30,2026-10-10T00:11:18+05:30,89.6100,90.3900,84.5800,86.5200,90.9000,-4.8185,173.4000,87.5100,2026-10-05,-3.3482,True,1224849.0000,322754.2500,3.7950,3.7950,True,-1.4191,0.3339,-5.7087,False,yfinance
2026-10-08,MINDTECK.NS,MINDTECK,Mindteck (India) Limited,Information Technology,Micro,LOW,confirmed,2026-10-08T15:27:48+05:30,2026-10-10T00:11:18+05:30,141.7000,142.5500,133.0000,135.0800,140.1200,-3.5969,307.6800,137.5900,2026-10-07,-3.3360,True,45751.0000,32490.9000,1.4081,1.4081,False,1.1276,0.2178,-13.4407,False,yfinance
2026-10-08,IOC.NS,IOC,Indian Oil Corporation Limited,Oil Gas & Consumable Fuels,Large,LOW,confirmed,2026-10-08T15:27:48+05:30,2026-10-10T00:11:18+05:30,130.3000,130.3100,125.2700,126.2500,130.0000,-2.8846,188.9600,129.5500,2026-10-06,-3.3037,True,12167724.0000,8321737.7000,1.4622,1.4622,False,0.2308,0.1944,-0.0781,False,yfinance
2026-10-08,GODFRYPHLP.NS,GODFRYPHLP,Godfrey Phillips India Limited,Fast Moving Consumer Goods,Mid,LOW,confirmed,2026-10-08T15:27:48+05:30,2026-10-10T00:11:18+05:30,1862.0000,1866.0000,1770.0000,1771.0000,1862.4000,-4.9076,3498.0000,1830.0000,2026-10-01,-3.2787,True,284307.0000,178991.5500,1.5884,1.5884,True,-0.0215,0.0104,-6.2085,False,yfinance
2026-10-08,EUROPRATIK.NS,EUROPRATIK,Euro Pratik Sales Limited,Construction Materials,Micro,LOW,confirmed,2026-10-08T15:27:48+05:30,2026-10-10T00:11:18+05:30,178.0100,183.9300,170.3500,173.9800,179.1200,-2.8696,390.0000,176.1000,2026-10-07,-3.2652,True,330831.0000,233812.9500,1.4149,1.4149,False,-0.6197,0.2673,-25.7963,False,yfinance
2026-10-08,JENBURPH.NS,JENBURPH,Jenburkt Pharmaceuticals Limited,Unclassified,Micro,LOW,not_confirmed,2026-10-08T15:27:48+05:30,2026-10-08T15:27:48+05:30,890.0000,1052.0000,864.0000,933.6000,905.5500,3.0976,1073.9000,893.0500,2026-10-06,-3.2529,False,18746.0000,,,,False,-1.7172,0.3702,,False,yfinance
2026-10-08,AMBUJACEM.NS,AMBUJACEM,Ambuja Cements Limited,Construction Materials,Large,LOW,confirmed,2026-10-08T15:27:48+05:30,2026-10-10T00:11:18+05:30,356.9000,357.2500,341.0000,341.0000,356.9000,-4.4550,588.7500,352.4500,2026-10-07,-3.2487,True,2489181.0000,1699978.4000,1.4642,1.4642,False,0.0000,0.0000,-7.9434,False,yfinance
2026-10-08,ASALCBR.NS,ASALCBR,Associated Alcohols & Breweries Ltd.,Fast Moving Consumer Goods,Micro,LOW,confirmed,2026-10-08T15:27:48+05:30,2026-10-10T00:11:18+05:30,587.0500,590.7000,567.0000,573.2000,590.1000,-2.8639,1277.0000,586.0000,2026-10-07,-3.2423,True,57765.0000,38844.8000,1.4871,1.4871,False,-0.5169,0.2616,-12.5095,False,yfinance
2026-10-08,BAYERCROP.NS,BAYERCROP,Bayer Cropscience Limited,Chemicals,Micro,LOW,confirmed,2026-10-08T15:27:48+05:30,2026-10-10T00:11:18+05:30,3510.0000,3522.3000,3366.3000,3381.6001,3491.5000,-3.1476,5149.8999,3478.0000,2026-10-07,-3.2116,True,46172.0000,35702.4000,1.2932,1.2932,False,0.5299,0.0981,-8.6857,False,yfinance
2026-10-08,SANOFICONR.NS,SANOFICONR,Sanofi Consumer Healthcare India Limited,Healthcare,Micro,LOW,confirmed,2026-10-08T15:27:48+05:30,2026-10-10T00:11:18+05:30,3722.8999,3725.3000,3573.3999,3600.5000,3722.8999,-3.2878,5255.0000,3691.0000,2026-10-01,-3.1861,True,4312.0000,6928.5500,0.6224,0.6224,False,0.0000,0.1784,-5.8041,False,yfinance
2026-10-08,ALLTIME.NS,ALLTIME,All Time Plastics Limited,Fast Moving Consumer Goods,Micro,LOW,confirmed,2026-10-08T15:27:48+05:30,2026-10-10T00:11:18+05:30,184.4300,185.3300,174.3000,175.4300,184.4300,-4.8799,314.7000,180.0100,2026-10-06,-3.1720,True,105803.0000,110544.4000,0.9571,0.9571,False,0.0000,0.1024,-11.7644,False,yfinance
2026-10-08,INDRAMEDCO.NS,INDRAMEDCO,Indraprastha Medical Corporation Limited,Healthcare,Micro,LOW,confirmed,2026-10-08T15:27:48+05:30,2026-10-10T00:11:18+05:30,329.4000,332.2500,317.1500,319.9000,329.4000,-2.8840,640.8500,327.3500,2026-10-06,-3.1159,True,591365.0000,225951.0000,2.6172,2.6172,True,0.0000,0.1821,-2.4570,False,yfinance
2026-10-08,NETWORK18.NS,NETWORK18,Network18 Media & Investments Limited,Media Entertainment & Publication,Micro,LOW,confirmed,2026-10-08T15:27:48+05:30,2026-10-10T00:11:18+05:30,25.6500,25.7000,24.2500,24.3900,25.7000,-5.0973,53.2400,25.0200,2026-10-01,-3.0775,True,4653625.0000,3124417.7000,1.4894,1.4894,False,-0.1946,0.0966,-5.2512,False,yfinance
2026-10-08,GODAVARIB.NS,GODAVARIB,Godavari Biorefineries Limited,Unclassified,Micro,LOW,confirmed,2026-10-08T15:27:48+05:30,2026-10-10T00:11:18+05:30,225.1000,228.2900,217.0000,221.0200,226.2400,-2.3073,353.0000,223.8100,2026-10-01,-3.0428,True,72871.0000,600342.7500,0.1214,0.1214,False,-0.5039,0.3561,-3.2622,False,yfinance
2026-10-08,SYMPHONY.NS,SYMPHONY,Symphony Limited,Consumer Durables,Micro,LOW,confirmed,2026-10-08T15:27:48+05:30,2026-10-10T00:11:18+05:30,560.0000,560.0000,536.2500,538.8500,558.1000,-3.4492,970.4500,553.0000,2026-10-07,-3.0289,True,57974.0000,314330.2500,0.1844,0.1844,False,0.3404,0.1095,0.4817,False,yfinance
2026-10-08,MUTHOOTFIN.NS,MUTHOOTFIN,Muthoot Finance Limited,Financial Services,Large,LOW,confirmed,2026-10-08T15:27:48+05:30,2026-10-10T00:11:18+05:30,2650.0000,2651.5000,2559.6001,2559.6001,2654.3999,-3.5714,4149.5000,2639.3000,2026-10-07,-3.0197,True,699689.0000,624397.0500,1.1206,1.1206,False,-0.1658,0.0000,-4.6178,False,yfinance
2026-10-08,ACC.NS,ACC,ACC Limited,Construction Materials,Small,LOW,confirmed,2026-10-08T15:27:48+05:30,2026-10-10T00:11:18+05:30,1164.1000,1165.0000,1125.1000,1130.1000,1165.5000,-3.0373,1987.0000,1160.1000,2026-10-07,-3.0170,True,139914.0000,143972.3500,0.9718,0.9718,False,-0.1201,0.1253,-4.4174,False,yfinance
2026-10-08,NMDC.NS,NMDC,NMDC Limited,Metals & Mining,Mid,LOW,confirmed,2026-10-08T15:27:48+05:30,2026-10-10T00:11:18+05:30,72.7500,72.7500,70.1000,70.6900,72.8000,-2.8984,97.4900,72.2400,2025-11-25,-2.9623,True,26538950.0000,12397058.2000,2.1407,2.1407,True,-0.0687,0.2226,-9.1875,False,yfinance
2026-10-08,GUJENERGY.NS,GUJENERGY,GUJARAT ENERGY LIMITED,Unclassified,Micro,LOW,confirmed,2026-10-08T15:27:48+05:30,2026-10-10T00:11:18+05:30,228.4800,229.2700,219.0400,219.8600,228.4800,-3.7728,443.7500,225.5000,2026-10-01,-2.8647,True,2436601.0000,1708519.8500,1.4261,1.4261,False,0.0000,0.0802,-9.5544,False,yfinance
2026-10-08,BEL.NS,BEL,Bharat Electronics Limited,Capital Goods,Large,LOW,confirmed,2026-10-08T15:27:48+05:30,2026-10-10T00:11:18+05:30,378.0000,378.1000,366.2000,367.3000,378.3000,-2.9077,473.4500,377.0000,2026-10-05,-2.8647,True,13373488.0000,10689686.3500,1.2511,1.2511,False,-0.0793,0.0924,-2.5770,False,yfinance
2026-10-08,VOGL.NS,VOGL,Vedanta Oil and Gas Limited,Oil Gas & Consumable Fuels,Small,LOW,confirmed,2026-10-08T15:27:48+05:30,2026-10-10T00:11:18+05:30,31.1000,31.2100,29.5600,29.8700,31.1100,-3.9859,47.6000,30.4200,2026-06-19,-2.8271,True,27930239.0000,22873190.4000,1.2211,1.2211,False,-0.0321,0.1879,-12.6320,True,yfinance
2026-10-08,GPIL.NS,GPIL,Godawari Power And Ispat limited,Capital Goods,Small,LOW,confirmed,2026-10-08T15:27:48+05:30,2026-10-10T00:11:18+05:30,215.0100,215.5000,204.5200,205.6300,214.3100,-4.0502,320.0000,210.4200,2026-10-01,-2.8039,True,1261703.0000,1526865.6000,0.8263,0.8263,False,0.3266,0.1011,-9.2355,False,yfinance
2026-10-08,SWANCORP.NS,SWANCORP,SWAN CORP LIMITED,Chemicals,Small,LOW,confirmed,2026-10-08T15:27:48+05:30,2026-10-10T00:11:18+05:30,271.8500,271.8500,254.4000,260.2500,271.8500,-4.2671,493.6000,261.7000,2026-10-05,-2.7895,True,1229944.0000,3867562.1000,0.3180,0.3180,False,0.0000,0.3352,0.0886,False,yfinance
2026-10-08,KPITTECH.NS,KPITTECH,KPIT Technologies Limited,Information Technology,Small,LOW,confirmed,2026-10-08T15:27:48+05:30,2026-10-10T00:11:18+05:30,484.2500,493.8500,470.1000,471.0000,484.2500,-2.7362,1284.9000,483.4000,2026-10-07,-2.7513,True,1408072.0000,1635442.4000,0.8610,0.8610,False,0.0000,0.0379,-9.7223,False,yfinance
2026-10-08,ABREL.NS,ABREL,Aditya Birla Real Estate Limited,Realty,Small,LOW,confirmed,2026-10-08T15:27:48+05:30,2026-10-10T00:11:18+05:30,1049.4000,1060.2000,1011.6000,1018.0000,1049.4000,-2.9922,1914.0000,1040.2000,2026-10-07,-2.7495,True,187497.0000,211574.7000,0.8862,0.8862,False,0.0000,0.1317,-19.6069,False,yfinance
2026-10-08,RCF.NS,RCF,Rashtriya Chemicals and Fertilizers Limited,Chemicals,Micro,LOW,confirmed,2026-10-08T15:27:48+05:30,2026-10-10T00:11:18+05:30,107.8000,107.8500,103.1000,103.5000,107.5800,-3.7925,157.2000,106.0000,2026-03-30,-2.7359,True,1027602.0000,1064929.8000,0.9649,0.9649,False,0.2045,0.0842,-2.6396,False,yfinance
2026-10-08,FOCUS.NS,FOCUS,Focus Lighting and Fixtures Limited,Unclassified,Micro,LOW,confirmed,2026-10-08T15:27:48+05:30,2026-10-10T00:11:18+05:30,56.7600,56.7600,52.2500,54.9600,56.2600,-2.3107,98.8700,53.7000,2026-10-01,-2.7002,False,48824.0000,38783.4000,1.2589,1.2589,False,0.8887,0.6009,-7.1321,False,yfinance
2026-10-08,ADVENTHTL.NS,ADVENTHTL,Advent Hotels International Limited,Consumer Services,Micro,LOW,confirmed,2026-10-08T15:27:48+05:30,2026-10-10T00:11:18+05:30,122.6600,122.6700,116.8000,118.4500,121.7700,-2.7265,345.0500,120.0200,2026-06-11,-2.6829,True,134084.0000,150919.1500,0.8884,0.8884,False,0.7309,0.2811,-4.5597,True,yfinance
2026-10-08,NFL.NS,NFL,National Fertilizers Limited,Chemicals,Micro,LOW,confirmed,2026-10-08T15:27:48+05:30,2026-10-10T00:11:18+05:30,63.5000,63.6500,61.1500,61.3400,63.7600,-3.7955,98.3000,62.8100,2026-10-01,-2.6429,True,816453.0000,520681.7000,1.5680,1.5680,True,-0.4078,0.0760,-6.2630,False,yfinance
2026-10-08,RMC.NS,RMC,RMC Switchgears Limited,Capital Goods,Micro,LOW,confirmed,2026-10-08T15:27:48+05:30,2026-10-10T00:11:18+05:30,199.8000,199.8000,185.1000,186.4600,196.4100,-5.0659,530.0000,190.0000,2026-10-05,-2.5789,True,49421.0000,57124.2000,0.8651,0.8651,False,1.7260,0.0925,-13.5734,True,yfinance
2026-10-08,EPACK.NS,EPACK,EPACK Durable Limited,Unclassified,Micro,LOW,confirmed,2026-10-08T15:27:48+05:30,2026-10-10T00:11:18+05:30,171.2000,171.8400,163.1000,165.1600,171.8400,-3.8873,360.0000,167.3600,2026-10-05,-2.5454,True,354621.0000,300407.6000,1.1805,1.1805,False,-0.3724,0.2357,-4.8544,False,yfinance
2026-10-08,IRFC.NS,IRFC,Indian Railway Finance Corporation Limited,Financial Services,Large,LOW,confirmed,2026-10-08T15:27:48+05:30,2026-10-10T00:11:18+05:30,76.2400,76.2900,74.1200,74.3000,76.1500,-2.4294,137.1700,76.0400,2026-10-07,-2.5250,True,9189122.0000,9520273.0500,0.9652,0.9652,False,0.1182,0.0829,-3.9748,False,yfinance
2026-10-08,ARCL.NS,ARCL,ARCL Organics Limited,Chemicals,Micro,LOW,not_confirmed,2026-10-08T15:27:48+05:30,2026-10-08T15:27:48+05:30,241.4000,241.4000,211.5000,221.0000,226.9900,-2.6389,280.7000,216.8900,2026-09-04,-2.4851,False,1625.0000,,,,False,6.3483,0.3177,,False,yfinance
2026-10-08,KELLTONTEC.NS,KELLTONTEC,Kellton Tech Solutions Limited,Information Technology,Micro,LOW,confirmed,2026-10-08T15:27:48+05:30,2026-10-10T00:11:18+05:30,12.1800,12.2400,11.8000,11.8300,12.1500,-2.6337,26.1400,12.1000,2026-10-06,-2.4793,True,1595937.0000,2071171.8500,0.7705,0.7705,False,0.2469,0.0682,-6.6353,False,yfinance
2026-10-08,V2RETAIL.NS,V2RETAIL,V2 Retail Limited,Consumer Services,Micro,LOW,confirmed,2026-10-08T15:27:48+05:30,2026-10-10T00:11:18+05:30,162.0000,163.9100,153.5000,154.8700,163.9500,-5.5383,259.2500,157.3500,2026-10-07,-2.4468,True,4585965.0000,2033866.5000,2.2548,2.2548,True,-1.1894,0.1316,-23.8633,False,yfinance
2026-10-08,CSLFINANCE.NS,CSLFINANCE,CSL Finance Limited,Unclassified,Micro,LOW,confirmed,2026-10-08T15:27:48+05:30,2026-10-10T00:11:18+05:30,209.9900,209.9900,199.9900,202.5300,206.9400,-2.1311,324.7000,205.0000,2026-10-01,-2.4439,True,18034.0000,40049.7000,0.4503,0.4503,False,1.4739,0.2540,-10.3559,False,yfinance
2026-10-08,NBCC.NS,NBCC,NBCC (India) Limited,Construction,Small,LOW,confirmed,2026-10-08T15:27:48+05:30,2026-10-10T00:11:18+05:30,76.7400,76.8600,73.9000,74.0000,76.7400,-3.5705,125.8500,75.7500,2026-10-05,-2.4422,True,4958138.0000,5349335.0000,0.9269,0.9269,False,0.0000,0.0338,-7.4463,False,yfinance
2026-10-08,MAXHEALTH.NS,MAXHEALTH,Max Healthcare Institute Limited,Healthcare,Large,LOW,confirmed,2026-10-08T15:27:48+05:30,2026-10-10T00:11:18+05:30,900.5000,903.6000,870.0000,873.4000,908.0000,-3.8106,1221.9000,891.6000,2026-10-07,-2.4226,True,2239281.0000,2947911.3000,0.7596,0.7596,False,-0.8260,0.1012,-5.4485,False,yfinance
2026-10-08,ORIENTCEM.NS,ORIENTCEM,Orient Cement Limited,Unclassified,Micro,LOW,confirmed,2026-10-08T15:27:48+05:30,2026-10-10T00:11:18+05:30,113.5500,113.8800,109.7000,110.0800,113.2100,-2.7648,226.8600,112.4100,2026-10-07,-2.4108,True,216317.0000,529710.1500,0.4084,0.4084,False,0.3003,0.0909,-6.5143,False,yfinance
2026-10-08,BAJAJELEC.NS,BAJAJELEC,Bajaj Electricals Limited,Consumer Durables,Micro,LOW,confirmed,2026-10-08T15:27:48+05:30,2026-10-10T00:11:18+05:30,299.1500,300.1500,289.0500,290.0500,300.7000,-3.5417,560.9500,296.0000,2026-10-01,-2.3480,True,141208.0000,113434.0500,1.2448,1.2448,False,-0.5155,0.0901,-8.7077,False,yfinance
2026-10-08,GHCL.NS,GHCL,GHCL Limited,Unclassified,Micro,LOW,confirmed,2026-10-08T15:27:48+05:30,2026-10-10T00:11:18+05:30,398.8000,400.6000,385.0000,388.0500,398.8000,-2.6956,667.2000,394.1000,2026-10-07,-2.3091,True,155133.0000,132004.3000,1.1752,1.1752,False,0.0000,0.1955,-3.9463,False,yfinance
2026-10-08,SYNGENE.NS,SYNGENE,Syngene International Limited,Healthcare,Small,LOW,confirmed,2026-10-08T15:27:48+05:30,2026-10-10T00:11:18+05:30,363.7000,363.7000,345.2000,346.0000,360.3000,-3.9689,678.9500,353.3000,2026-10-01,-2.2927,True,333710.0000,613973.3500,0.5435,0.5435,False,0.9437,0.0432,-4.6154,False,yfinance
2026-10-08,AASTHA.NS,AASTHA,Aastha Spintex Limited,Textiles,Micro,LOW,confirmed,2026-10-08T15:27:48+05:30,2026-10-10T00:11:18+05:30,30.2900,30.6900,28.6200,28.6800,30.1200,-4.7809,70.0050,29.2900,2026-10-06,-2.2875,True,672748.0000,2089399.3000,0.3220,0.3220,False,0.5644,0.0290,-19.3460,True,yfinance
2026-10-08,COROMANDEL.NS,COROMANDEL,Coromandel International Limited,Chemicals,Mid,LOW,confirmed,2026-10-08T15:27:48+05:30,2026-10-10T00:11:18+05:30,1740.0000,1748.8000,1662.2000,1673.7000,1745.5000,-4.1134,2499.0000,1701.0000,2026-10-01,-2.2810,True,239886.0000,176412.9000,1.3598,1.3598,False,-0.3151,0.1328,-8.7314,False,yfinance
2026-10-08,BIKAJI.NS,BIKAJI,Bikaji Foods International Limited,Fast Moving Consumer Goods,Micro,LOW,confirmed,2026-10-08T15:27:48+05:30,2026-10-10T00:11:18+05:30,483.4000,488.0500,466.7500,468.6500,483.5500,-3.0814,768.5000,477.5500,2026-10-06,-2.2615,True,146925.0000,464332.8500,0.3164,0.3164,False,-0.0310,0.0892,-12.7259,False,yfinance
2026-10-08,ABFRL.NS,ABFRL,Aditya Birla Fashion and Retail Limited,Consumer Services,Micro,LOW,confirmed,2026-10-08T15:27:48+05:30,2026-10-10T00:11:18+05:30,44.4600,45.0900,43.0500,43.1800,44.6200,-3.2272,88.9900,44.0400,2026-10-01,-2.2480,True,3988608.0000,4791758.7000,0.8324,0.8324,False,-0.3586,0.0637,-12.3427,False,yfinance
2026-10-08,BDL.NS,BDL,Bharat Dynamics Limited,Capital Goods,Mid,LOW,confirmed,2026-10-08T15:27:48+05:30,2026-10-10T00:11:18+05:30,1083.7000,1087.6000,1047.7000,1050.5000,1085.0000,-3.1797,1633.4000,1071.2000,2026-10-01,-2.1938,True,853117.0000,1060345.0000,0.8046,0.8046,False,-0.1198,0.0702,-8.8911,False,yfinance
2026-10-08,ASTRAZEN.NS,ASTRAZEN,AstraZeneca Pharma India Limited,Healthcare,Micro,LOW,confirmed,2026-10-08T15:27:48+05:30,2026-10-10T00:11:18+05:30,5950.5000,5950.5000,5675.0000,5719.5000,5918.0000,-3.3542,9849.5000,5802.0000,2026-10-07,-2.1889,True,6824.0000,9064.0500,0.7529,0.7529,False,0.5492,0.1615,-10.0087,False,yfinance
2026-10-08,DBCORP.NS,DBCORP,D.B.Corp Limited,Unclassified,Micro,LOW,confirmed,2026-10-08T15:27:48+05:30,2026-10-10T00:11:18+05:30,170.1400,172.9900,166.1000,167.3900,171.0500,-2.1397,280.5500,169.8100,2026-10-01,-2.1848,True,59442.0000,79210.7500,0.7504,0.7504,False,-0.5320,0.1872,-7.7573,False,yfinance
2026-10-08,POWERGRID.NS,POWERGRID,Power Grid Corporation of India Limited,Power,Large,LOW,confirmed,2026-10-08T15:27:48+05:30,2026-10-10T00:11:18+05:30,253.9500,254.0000,244.6500,244.6500,253.0500,-3.3195,324.9500,250.0000,2026-02-02,-2.1400,True,14409222.0000,9653386.7000,1.4927,1.4927,False,0.3557,0.0000,-1.6745,False,yfinance
2026-10-08,MEDPLUS.NS,MEDPLUS,Medplus Health Services Limited,Consumer Services,Micro,LOW,confirmed,2026-10-08T15:27:48+05:30,2026-10-10T00:11:18+05:30,645.0000,645.0000,626.5000,631.9000,647.3000,-2.3791,1022.2000,640.1000,2026-10-05,-2.1247,True,44614.0000,90006.8500,0.4957,0.4957,False,-0.3553,0.2919,2.2931,False,yfinance
2026-10-08,KSCL.NS,KSCL,Kaveri Seed Company Limited,Fast Moving Consumer Goods,Micro,LOW,confirmed,2026-10-08T15:27:48+05:30,2026-10-10T00:11:18+05:30,710.0000,710.0000,670.8000,679.0000,710.7500,-4.4671,1095.9000,685.0000,2026-09-18,-2.0730,True,208432.0000,1577453.8000,0.1321,0.1321,False,-0.1055,0.2092,-0.7713,False,yfinance
2026-10-08,ASIANTNE.NS,ASIANTNE,Asian Tea & Exports Limited,Unclassified,Micro,LOW,not_confirmed,2026-10-08T15:27:48+05:30,2026-10-08T15:27:48+05:30,9.0700,9.1900,8.0500,8.1000,9.0600,-10.5960,10.9900,8.2200,2026-09-15,-2.0681,True,28461.0000,,,,False,0.1104,0.0439,,False,yfinance
2026-10-08,TATAPOWER.NS,TATAPOWER,Tata Power Company Limited,Power,Large,LOW,confirmed,2026-10-08T15:27:48+05:30,2026-10-10T00:11:18+05:30,347.0000,347.7500,334.0000,335.6500,345.1500,-2.7524,464.9000,341.0000,2026-10-07,-2.0528,True,6295578.0000,3838877.0500,1.6400,1.6400,True,0.5360,0.1200,-1.7100,False,yfinance
2026-10-08,GERMAN.NS,GERMAN,German Green Steel and Power Limited,Unclassified,Micro,LOW,not_confirmed,2026-10-08T15:27:48+05:30,2026-10-08T15:27:48+05:30,121.8000,122.5000,115.0000,115.4500,118.1200,-2.2604,142.8100,117.4000,2026-10-06,-2.0443,True,2632835.0000,,,,False,3.1155,0.0600,,False,yfinance
2026-10-08,MAZDOCK.NS,MAZDOCK,Mazagon Dock Shipbuilders Limited,Capital Goods,Large,LOW,confirmed,2026-10-08T15:27:48+05:30,2026-10-10T00:11:18+05:30,2055.0000,2060.8999,1990.0000,1990.0000,2064.3999,-3.6039,2929.7000,2031.2000,2026-10-01,-2.0284,True,683614.0000,602285.5000,1.1350,1.1350,False,-0.4553,0.0000,-12.4073,False,yfinance
2026-10-08,LINC.NS,LINC,Linc Limited,Capital Goods,Micro,LOW,confirmed,2026-10-08T15:27:48+05:30,2026-10-10T00:11:18+05:30,87.9000,87.9500,83.3000,84.5700,86.8400,-2.6140,133.3800,85.0100,2026-03-30,-2.0115,True,17910.0000,31271.6500,0.5727,0.5727,False,1.2206,0.2731,-6.1271,False,yfinance
2026-10-08,M&M.NS,M&M,Mahindra & Mahindra Limited,Automobile and Auto Components,Large,LOW,confirmed,2026-10-08T15:27:48+05:30,2026-10-10T00:11:18+05:30,2800.0000,2806.1001,2744.3000,2751.2000,2800.0000,-1.7429,3839.8999,2800.0000,2026-10-07,-1.9893,True,3278766.0000,2373373.7500,1.3815,1.3815,False,0.0000,0.1116,-6.4295,False,yfinance
2026-10-08,LAKSHMIMIL.NS,LAKSHMIMIL,Lakshmi Mills Company Limited,Unclassified,Micro,LOW,not_confirmed,2026-10-08T15:27:48+05:30,2026-10-08T15:27:48+05:30,7352.0000,7747.5000,7352.0000,7634.0000,7733.5000,-1.2866,8505.0000,7500.5000,2026-09-29,-1.9799,False,9.0000,,,,False,-4.9331,0.7130,,False,yfinance
2026-10-08,HIMATSEIDE.NS,HIMATSEIDE,Himatsingka Seide Limited,Unclassified,Micro,LOW,confirmed,2026-10-08T15:27:48+05:30,2026-10-10T00:11:18+05:30,63.4900,63.6600,59.9000,60.3200,63.2200,-4.5872,129.4900,61.0900,2026-09-22,-1.9479,True,660832.0000,688475.4500,0.9598,0.9598,False,0.4271,0.1117,-7.5057,False,yfinance
2026-10-08,VINATIORGA.NS,VINATIORGA,Vinati Organics Limited,Unclassified,Micro,LOW,confirmed,2026-10-08T15:27:48+05:30,2026-10-10T00:11:18+05:30,1143.0000,1149.9000,1117.3000,1120.8000,1142.3000,-1.8822,1791.1000,1138.5000,2026-10-07,-1.8621,True,47711.0000,65459.4500,0.7289,0.7289,False,0.0613,0.1074,-7.2044,False,yfinance
2026-10-08,RKDL.NS,RKDL,Ravi Kumar Distilleries Limited,Fast Moving Consumer Goods,Micro,LOW,confirmed,2026-10-08T15:27:48+05:30,2026-10-10T00:11:18+05:30,17.0000,17.4000,16.0000,16.2000,16.9300,-4.3119,28.2000,16.3000,2026-03-05,-1.8405,True,22334.0000,13485.0000,1.6562,1.6562,True,0.4135,0.1429,-4.7257,False,yfinance
2026-10-08,JTEKTINDIA.NS,JTEKTINDIA,Jtekt India Limited,Automobile and Auto Components,Micro,LOW,confirmed,2026-10-08T15:27:48+05:30,2026-10-10T00:11:18+05:30,114.0500,115.2600,111.0000,113.1000,114.4600,-1.1882,171.3100,113.0700,2026-10-05,-1.8307,False,155937.0000,106815.8000,1.4599,1.4599,False,-0.3582,0.4930,-0.2529,False,yfinance
2026-10-08,OSWALPUMPS.NS,OSWALPUMPS,Oswal Pumps Limited,Capital Goods,Micro,LOW,confirmed,2026-10-08T15:27:48+05:30,2026-10-10T00:11:18+05:30,263.0000,264.3500,254.5500,255.4500,264.6000,-3.4581,790.0000,259.2000,2026-10-01,-1.7940,True,297453.0000,441593.8000,0.6736,0.6736,False,-0.6047,0.0918,-0.3988,False,yfinance
2026-10-08,TUTIALKA.NS,TUTIALKA,Tuticorin Alkali Chemicals & Fertilizers Limited,Unclassified,Micro,LOW,not_confirmed,2026-10-08T15:27:48+05:30,2026-10-08T15:27:48+05:30,54.7000,55.3500,51.0800,53.8000,54.0000,-0.3704,62.9000,52.0000,2026-08-19,-1.7692,False,5405.0000,,,,False,1.2963,0.6370,,False,yfinance
2026-10-08,BRAHMINFRA.NS,BRAHMINFRA,Brahmaputra Infrastructure Limited,Construction,Micro,LOW,not_confirmed,2026-10-08T15:27:48+05:30,2026-10-08T15:27:48+05:30,144.0000,144.2000,138.0000,142.4000,145.5800,-2.1844,184.0000,140.4400,2026-10-05,-1.7374,False,19994.0000,,,,False,-1.0853,0.7097,,False,yfinance
2026-10-08,TATAELXSI.NS,TATAELXSI,Tata Elxsi Limited,Information Technology,Small,LOW,confirmed,2026-10-08T15:27:48+05:30,2026-10-10T00:11:18+05:30,3090.0000,3141.3999,2996.0000,2996.0000,3082.5000,-2.8062,5950.0000,3046.2000,2026-10-01,-1.6480,True,244061.0000,254890.0000,0.9575,0.9575,False,0.2433,0.0000,-7.8194,False,yfinance
2026-10-08,VIJSOLX.NS,VIJSOLX,Vijay Solvex Limited,Unclassified,Micro,LOW,not_confirmed,2026-10-08T15:27:48+05:30,2026-10-08T15:27:48+05:30,617.0500,677.0000,600.0000,673.3500,620.0000,8.6048,719.9000,610.0000,2026-09-11,-1.6393,False,865.0000,,,,False,-0.4758,0.9526,,False,yfinance
2026-10-08,PFIZER.NS,PFIZER,Pfizer Limited,Healthcare,Micro,LOW,confirmed,2026-10-08T15:27:48+05:30,2026-10-10T00:11:18+05:30,3815.1001,3817.7000,3731.0000,3750.0000,3815.1001,-1.7064,5578.5000,3792.1001,2026-10-01,-1.6112,True,22215.0000,64285.9000,0.3456,0.3456,False,0.0000,0.2191,-11.9090,False,yfinance
2026-10-08,VOLTAS.NS,VOLTAS,Voltas Limited,Consumer Durables,Mid,LOW,confirmed,2026-10-08T15:27:48+05:30,2026-10-10T00:11:18+05:30,1053.0000,1058.2000,1024.1000,1032.0000,1056.8000,-2.3467,1582.5000,1040.6000,2026-10-01,-1.5856,True,491244.0000,775077.1000,0.6338,0.6338,False,-0.3596,0.2317,-5.0761,False,yfinance
2026-10-08,HEIDELBERG.NS,HEIDELBERG,HeidelbergCement India Limited,Construction Materials,Micro,LOW,confirmed,2026-10-08T15:27:48+05:30,2026-10-10T00:11:18+05:30,127.1000,127.1100,125.0000,125.4800,127.4900,-1.5766,206.7000,127.0100,2026-10-07,-1.5826,True,152306.0000,213175.5500,0.7145,0.7145,False,-0.3059,0.2275,-15.3414,False,yfinance
2026-10-08,DOLATALGO.NS,DOLATALGO,Dolat Algotech Limited,Financial Services,Micro,LOW,confirmed,2026-10-08T15:27:48+05:30,2026-10-10T00:11:18+05:30,62.2000,62.2000,59.2500,59.7200,61.6800,-3.1777,95.7600,60.2000,2026-10-07,-1.5781,True,129811.0000,106539.0500,1.2184,1.2184,False,0.8431,0.1593,-8.1298,False,yfinance
2026-10-08,OSWALAGRO.NS,OSWALAGRO,Oswal Agro Mills Limited,Realty,Micro,LOW,confirmed,2026-10-08T15:27:48+05:30,2026-10-10T00:11:18+05:30,32.7400,33.4600,31.5000,31.9600,32.7400,-2.3824,81.0000,32.0000,2026-10-06,-1.5625,True,35587.0000,43009.9500,0.8274,0.8274,False,0.0000,0.2347,-6.1943,False,yfinance
2026-10-08,ALPINETEX.NS,ALPINETEX,Alpine Texworld Limited,Textiles,Micro,LOW,not_confirmed,2026-10-08T15:27:48+05:30,2026-10-08T15:27:48+05:30,46.6400,46.6400,44.8000,45.3300,46.4400,-2.3902,105.0000,45.5000,2026-10-01,-1.5385,True,106971.0000,,,,False,0.4307,0.2880,,False,yfinance
2026-10-08,ATALREAL.NS,ATALREAL,Atal Realtech Limited,Construction,Micro,LOW,confirmed,2026-10-08T15:27:48+05:30,2026-10-10T00:11:18+05:30,11.9700,12.6500,11.5200,11.6300,12.1200,-4.0429,36.7000,11.7000,2026-09-30,-1.5385,True,2019970.0000,6034816.7500,0.3347,0.3347,False,-1.2376,0.0973,-49.6060,False,yfinance
2026-10-08,ABLBL.NS,ABLBL,Aditya Birla Lifestyle Brands Limited,Consumer Services,Micro,LOW,confirmed,2026-10-08T15:27:48+05:30,2026-10-10T00:11:18+05:30,73.7300,73.8600,71.1000,71.9500,73.6900,-2.3613,150.7900,72.2000,2026-10-05,-1.5235,True,5937102.0000,2927822.5500,2.0278,2.0278,True,0.0543,0.3080,-9.3900,False,yfinance
2026-10-08,ERIS.NS,ERIS,Eris Lifesciences Limited,Healthcare,Micro,LOW,not_confirmed,2026-10-08T15:27:48+05:30,2026-10-08T15:27:48+05:30,1150.1000,1187.4000,1145.4000,1161.5000,1184.7000,-1.9583,1740.0000,1162.9000,2026-10-01,-1.5049,True,465300.0000,88094.1500,5.2818,5.3129,True,-2.9206,0.3833,-5.3488,False,yfinance
2026-10-08,SUNCLAY.NS,SUNCLAY,Sundaram Clayton Limited,Metals & Mining,Micro,LOW,confirmed,2026-10-08T15:27:48+05:30,2026-10-10T00:11:18+05:30,1149.8000,1149.8000,1096.1000,1100.8000,1131.8000,-2.7390,1728.0000,1112.8000,2026-01-27,-1.5007,True,4215.0000,5890.1500,0.7156,0.7156,False,1.5904,0.0875,-8.7768,False,yfinance
2026-10-08,SAFARI.NS,SAFARI,Safari Industries (India) Limited,Consumer Durables,Micro,LOW,confirmed,2026-10-08T15:27:48+05:30,2026-10-10T00:11:18+05:30,1313.4000,1320.8000,1280.0000,1289.3000,1319.2000,-2.2665,2507.1001,1299.2000,2026-10-06,-1.4778,True,37258.0000,42425.2500,0.8782,0.8782,False,-0.4397,0.2279,-9.6523,False,yfinance
2026-10-08,NTPC.NS,NTPC,NTPC Limited,Power,Large,LOW,confirmed,2026-10-08T15:27:48+05:30,2026-10-10T00:11:18+05:30,316.0000,316.4000,308.4500,309.7000,316.7500,-2.2257,414.4000,313.0500,2026-10-01,-1.4694,True,12262742.0000,7734521.1500,1.5855,1.5855,True,-0.2368,0.1572,-0.2097,False,yfinance
2026-10-08,PRAKASHSTL.NS,PRAKASHSTL,Prakash Steelage Limited,Unclassified,Micro,LOW,confirmed,2026-10-08T15:27:48+05:30,2026-10-10T00:11:18+05:30,3.3800,3.4900,3.3600,3.4100,3.4300,-0.5831,6.5700,3.4100,2026-10-07,-1.4663,True,68822.0000,102545.3000,0.6711,0.6711,False,-1.4577,0.3846,-2.5595,False,yfinance
2026-10-08,VIPIND.NS,VIPIND,VIP Industries Limited,Consumer Durables,Micro,LOW,confirmed,2026-10-08T15:27:48+05:30,2026-10-10T00:11:18+05:30,281.9000,282.4000,273.8000,275.2000,281.1000,-2.0989,447.3000,277.8500,2026-10-01,-1.4576,True,177297.0000,294708.0500,0.6016,0.6016,False,0.2846,0.1628,-7.6270,False,yfinance
2026-10-08,JKTYRE.NS,JKTYRE,JK Tyre & Industries Limited,Automobile and Auto Components,Small,LOW,confirmed,2026-10-08T15:27:48+05:30,2026-10-10T00:11:18+05:30,333.4000,335.8500,328.2000,330.2500,333.4000,-0.9448,611.9000,333.0500,2026-10-07,-1.4562,True,503166.0000,521460.8000,0.9649,0.9649,False,0.0000,0.2680,-3.8606,False,yfinance
2026-10-08,FRACTAL.NS,FRACTAL,Fractal Analytics Limited,Information Technology,Small,LOW,confirmed,2026-10-08T15:27:48+05:30,2026-10-10T00:11:18+05:30,721.0000,721.3000,698.0000,700.6500,721.3000,-2.8629,1118.0000,708.3000,2026-10-01,-1.4542,True,260764.0000,299860.0500,0.8696,0.8696,False,-0.0416,0.1137,-6.0428,True,yfinance
2026-10-08,SIGNATURE.NS,SIGNATURE,Signatureglobal (India) Limited,Realty,Small,LOW,confirmed,2026-10-08T15:27:48+05:30,2026-10-10T00:11:18+05:30,714.4000,738.4000,695.0000,711.2500,712.5000,-0.1754,1153.9000,705.2000,2026-04-02,-1.4464,False,963963.0000,347006.5000,2.7779,2.7779,True,0.2667,0.3744,-4.5810,False,yfinance
2026-10-08,SBICARD.NS,SBICARD,SBI Cards and Payment Services Limited,Financial Services,Mid,LOW,confirmed,2026-10-08T15:27:48+05:30,2026-10-10T00:11:18+05:30,555.0000,559.4500,547.6500,547.6500,557.4000,-1.7492,965.0000,555.6500,2026-10-07,-1.4398,True,925527.0000,1350910.9500,0.6851,0.6851,False,-0.4306,0.0000,-12.3174,False,yfinance
2026-10-08,POKARNA.NS,POKARNA,Pokarna Limited,Capital Goods,Micro,LOW,confirmed,2026-10-08T15:27:48+05:30,2026-10-10T00:11:18+05:30,706.2000,739.9500,675.1000,678.2500,704.4500,-3.7192,1146.2000,684.5500,2026-10-01,-1.3805,True,186379.0000,144722.8000,1.2878,1.2878,False,0.2484,0.0486,-9.0283,False,yfinance
2026-10-08,BBL.NS,BBL,Bharat Bijlee Limited,Capital Goods,Micro,LOW,confirmed,2026-10-08T15:27:48+05:30,2026-10-10T00:11:18+05:30,2050.0000,2084.8000,2009.0000,2075.3000,2042.0000,1.6308,3411.0000,2037.0000,2026-10-07,-1.3746,False,24984.0000,19687.6500,1.2690,1.2690,False,0.3918,0.8747,-0.8083,False,yfinance
2026-10-08,BRNL.NS,BRNL,Bharat Road Network Limited,Construction,Micro,LOW,confirmed,2026-10-08T15:27:48+05:30,2026-10-10T00:11:18+05:30,15.8000,16.0000,15.4000,15.6000,15.9300,-2.0716,26.5000,15.6100,2026-10-05,-1.3453,True,31808.0000,24379.2500,1.3047,1.3047,False,-0.8161,0.3333,-2.2114,False,yfinance
2026-10-08,WAAREEINDO.NS,WAAREEINDO,Indosolar Limited,Power,Micro,LOW,confirmed,2026-10-08T15:27:48+05:30,2026-10-10T00:11:18+05:30,209.9000,209.9000,196.8000,197.0000,207.1500,-4.8998,725.0000,199.4600,2026-10-01,-1.3336,True,211454.0000,149822.1500,1.4114,1.4114,False,1.3275,0.0153,-19.3072,False,yfinance
2026-10-08,CAMPUS.NS,CAMPUS,Campus Activewear Limited,Consumer Durables,Micro,LOW,confirmed,2026-10-08T15:27:48+05:30,2026-10-10T00:11:18+05:30,207.5800,207.5800,197.0000,199.0000,208.3700,-4.4968,287.8000,199.5400,2026-10-01,-1.2729,True,725417.0000,343167.2500,2.1139,2.1139,True,-0.3791,0.1890,-2.5297,False,yfinance
2026-10-08,BAJAJINDEF.NS,BAJAJINDEF,Indef Manufacturing Limited,Capital Goods,Micro,LOW,confirmed,2026-10-08T15:27:48+05:30,2026-10-10T00:11:18+05:30,203.9600,205.3800,197.5000,199.2400,203.9600,-2.3142,442.6000,200.0000,2026-10-07,-1.2500,True,12059.0000,21792.1000,0.5534,0.5534,False,0.0000,0.2208,-3.8501,False,yfinance
2026-10-08,SAMMAANCAP.NS,SAMMAANCAP,Sammaan Capital Limited,Financial Services,Small,LOW,confirmed,2026-10-08T15:27:48+05:30,2026-10-10T00:11:18+05:30,132.5200,133.1400,127.4000,127.8200,132.9400,-3.8514,192.9500,129.0000,2026-03-23,-1.2403,True,4883082.0000,4135417.5000,1.1808,1.1808,False,-0.3159,0.0732,-11.5149,False,yfinance
2026-10-08,DALBHARAT.NS,DALBHARAT,Dalmia Bharat Limited,Construction Materials,Mid,LOW,confirmed,2026-10-08T15:27:48+05:30,2026-10-10T00:11:18+05:30,1636.1000,1658.4000,1585.1000,1592.9000,1640.1000,-2.8779,2319.8999,1605.0000,2026-06-11,-1.2399,True,75425.0000,86333.2500,0.8736,0.8736,False,-0.2439,0.1064,-0.5528,False,yfinance
2026-10-08,BHARATRAS.NS,BHARATRAS,Bharat Rasayan Limited,Chemicals,Micro,LOW,confirmed,2026-10-08T15:27:48+05:30,2026-10-10T00:11:18+05:30,992.4000,995.2000,958.0000,966.8000,985.2000,-1.8676,2987.5000,970.0000,2026-10-05,-1.2371,True,13280.0000,19720.5500,0.6734,0.6734,False,0.7308,0.2366,-10.2198,False,yfinance
2026-10-08,VMM.NS,VMM,Vishal Mega Mart Limited,Consumer Services,Mid,LOW,confirmed,2026-10-08T15:27:48+05:30,2026-10-10T00:11:18+05:30,100.1000,100.1500,96.8000,97.0000,100.5000,-3.4826,152.1800,98.0000,2026-09-29,-1.2245,True,17757126.0000,10580127.8500,1.6783,1.6783,True,-0.3980,0.0597,-0.2236,False,yfinance
2026-10-08,MASFIN.NS,MASFIN,MAS Financial Services Limited,Financial Services,Micro,LOW,confirmed,2026-10-08T15:27:48+05:30,2026-10-10T00:11:18+05:30,268.1500,270.7000,260.7500,262.9500,270.2500,-2.7012,358.8500,263.9000,2026-10-07,-1.1936,True,115672.0000,252487.1500,0.4581,0.4581,False,-0.7771,0.2211,-4.4327,False,yfinance
2026-10-08,NUCLEUS.NS,NUCLEUS,Nucleus Software Exports Limited,Information Technology,Micro,LOW,confirmed,2026-10-08T15:27:48+05:30,2026-10-10T00:11:18+05:30,628.1500,633.9500,609.3000,619.8000,628.8500,-1.4391,1064.8000,616.5000,2026-10-07,-1.1679,False,24065.0000,15585.8000,1.5440,1.5440,True,-0.1113,0.4260,-7.2178,False,yfinance
2026-10-08,SANOFI.NS,SANOFI,Sanofi India Limited,Healthcare,Micro,LOW,confirmed,2026-10-08T15:27:48+05:30,2026-10-10T00:11:18+05:30,3032.3000,3032.3000,2967.0000,2979.7000,3023.8000,-1.4584,4898.0000,3001.1001,2026-10-01,-1.1363,True,17459.0000,18536.2000,0.9419,0.9419,False,0.2811,0.1945,1.9492,False,yfinance
2026-10-08,GICRE.NS,GICRE,General Insurance Corporation of India,Financial Services,Mid,LOW,confirmed,2026-10-08T15:27:48+05:30,2026-10-10T00:11:18+05:30,316.5500,317.6500,308.0000,309.1000,316.5500,-2.3535,417.9500,311.5000,2026-10-07,-1.1236,True,438547.0000,599997.2000,0.7309,0.7309,False,0.0000,0.1140,-5.1280,False,yfinance
2026-10-08,JWL.NS,JWL,Jupiter Wagons Limited,Capital Goods,Small,LOW,confirmed,2026-10-08T15:27:48+05:30,2026-10-10T00:11:18+05:30,222.5000,223.0000,216.0000,216.4300,223.5600,-3.1893,358.2500,218.4500,2026-09-29,-1.1215,True,705633.0000,1957868.0500,0.3604,0.3604,False,-0.4741,0.0614,-5.1505,False,yfinance
2026-10-08,SURAJLTD.NS,SURAJLTD,Suraj Limited,Metals & Mining,Micro,LOW,confirmed,2026-10-08T15:27:48+05:30,2026-10-10T00:11:18+05:30,181.7000,187.9900,177.9900,184.5700,181.7000,1.5795,348.6500,180.0000,2026-10-06,-1.1167,False,6983.0000,1049.5000,6.6536,6.6536,True,0.0000,0.6580,-1.2078,False,yfinance
2026-10-08,CESC.NS,CESC,CESC Limited,Power,Small,LOW,confirmed,2026-10-08T15:27:48+05:30,2026-10-10T00:11:18+05:30,131.1800,132.3700,128.3100,128.7300,131.1800,-1.8677,204.5000,129.7500,2026-10-01,-1.1098,True,1690507.0000,2042488.7000,0.8277,0.8277,False,0.0000,0.1034,-4.9821,False,yfinance
2026-10-08,JISLDVREQS.NS,JISLDVREQS,Jain Irrigation Systems Limited,Diversified,Micro,LOW,confirmed,2026-10-08T15:27:48+05:30,2026-10-10T00:11:18+05:30,19.4800,19.4800,18.2000,18.7100,19.1800,-2.4505,34.2300,18.4000,2026-10-01,-1.0870,False,7763.0000,21619.8000,0.3591,0.3591,False,1.5641,0.3984,-8.4087,False,yfinance
2026-10-08,HEMIPROP.NS,HEMIPROP,Hemisphere Properties India Limited,Unclassified,Micro,LOW,confirmed,2026-10-08T15:27:48+05:30,2026-10-10T00:11:18+05:30,113.0000,113.4000,108.6200,109.2400,112.8700,-3.2161,190.6900,109.8100,2026-10-01,-1.0837,True,273782.0000,303845.3000,0.9011,0.9011,False,0.1152,0.1297,-6.1567,False,yfinance
2026-10-08,TVSHLTD.NS,TVSHLTD,TVS Holdings Limited,Unclassified,Micro,LOW,confirmed,2026-10-08T15:27:48+05:30,2026-10-10T00:11:18+05:30,11799.0000,11799.0000,11475.0000,11529.0000,11735.0000,-1.7554,16297.0000,11600.0000,2026-10-07,-1.0776,True,10643.0000,7930.9500,1.3420,1.3420,False,0.5454,0.1667,-9.6334,False,yfinance
2026-10-08,MFSL.NS,MFSL,Max Financial Services Limited,Financial Services,Mid,LOW,confirmed,2026-10-08T15:27:48+05:30,2026-10-10T00:11:18+05:30,1350.0000,1361.4000,1316.0000,1322.4000,1345.1000,-1.6876,1892.5000,1330.2000,2026-10-06,-1.0675,True,519819.0000,1533608.8000,0.3390,0.3390,False,0.3643,0.1410,-6.4928,False,yfinance
2026-10-08,MHRIL.NS,MHRIL,Mahindra Holidays & Resorts India Limited,Consumer Services,Micro,LOW,confirmed,2026-10-08T15:27:48+05:30,2026-10-10T00:11:18+05:30,195.0700,195.3600,186.2100,187.2300,195.0700,-4.0191,355.5000,188.2100,2026-09-16,-1.0626,True,132243.0000,116683.0000,1.1334,1.1334,False,0.0000,0.1115,-2.3966,False,yfinance
2026-10-08,APCL.NS,APCL,Anjani Portland Cement Limited,Construction Materials,Micro,LOW,confirmed,2026-10-08T15:27:48+05:30,2026-10-10T00:11:18+05:30,94.4900,94.4900,90.5500,92.8700,92.6400,0.2483,148.7800,91.5000,2026-10-05,-1.0382,False,3010.0000,5827.2500,0.5165,0.5165,False,1.9970,0.5888,-0.5578,False,yfinance
2026-10-08,SAGCEM.NS,SAGCEM,Sagar Cements Limited,Construction Materials,Micro,LOW,confirmed,2026-10-08T15:27:48+05:30,2026-10-10T00:11:18+05:30,145.5500,145.9800,140.1000,144.3700,143.9100,0.3196,258.1000,141.5200,2026-09-16,-1.0034,False,48594.0000,47317.6000,1.0270,1.0270,False,1.1396,0.7262,0.4736,False,yfinance
2026-10-08,CAMLINFINE.NS,CAMLINFINE,Camlin Fine Sciences Limited,Chemicals,Micro,LOW,confirmed,2026-10-08T15:27:48+05:30,2026-10-10T00:11:18+05:30,94.5200,94.6500,88.2600,88.8400,94.5200,-6.0093,212.5000,89.1200,2026-10-01,-0.9650,True,775653.0000,643261.5500,1.2058,1.2058,False,0.0000,0.0908,-6.1207,False,yfinance
2026-10-08,GENCON.NS,GENCON,Generic Engineering Construction and Projects Limited,Unclassified,Micro,LOW,confirmed,2026-10-08T15:27:48+05:30,2026-10-10T00:11:18+05:30,36.2600,37.1400,36.0000,36.3400,37.0400,-1.8899,59.9600,36.3500,2026-06-11,-0.9629,True,293636.0000,388765.5500,0.7553,0.7553,False,-2.1058,0.2982,-6.9278,False,yfinance
2026-10-08,INA.NS,INA,Insolation Energy Limited,Unclassified,Micro,LOW,confirmed,2026-10-08T15:27:48+05:30,2026-10-10T00:11:18+05:30,82.0500,83.3700,79.0000,79.7300,82.0000,-2.7683,161.8100,79.7500,2026-03-30,-0.9404,True,633313.0000,615924.1000,1.0282,1.0282,False,0.0610,0.1670,-7.5491,True,yfinance
2026-10-08,ONGC.NS,ONGC,Oil & Natural Gas Corporation Limited,Oil Gas & Consumable Fuels,Large,LOW,confirmed,2026-10-08T15:27:48+05:30,2026-10-10T00:11:18+05:30,222.5000,223.0000,218.5300,219.8000,221.8800,-0.9374,307.5000,220.6000,2026-10-01,-0.9384,True,9471873.0000,12154356.6000,0.7793,0.7793,False,0.2794,0.2841,0.5594,False,yfinance
2026-10-08,GMDCLTD.NS,GMDCLTD,Gujarat Mineral Development Corporation Limited,Metals & Mining,Small,LOW,confirmed,2026-10-08T15:27:48+05:30,2026-10-10T00:11:18+05:30,477.9000,485.9000,462.1000,463.3500,477.1000,-2.8820,771.9000,466.4000,2025-11-25,-0.9220,True,1009088.0000,1065720.9000,0.9469,0.9469,False,0.1677,0.0525,-10.3956,False,yfinance
2026-10-08,PTC.NS,PTC,PTC India Limited,Power,Micro,LOW,confirmed,2026-10-08T15:27:48+05:30,2026-10-10T00:11:18+05:30,151.3000,151.4500,148.0000,148.5700,151.7200,-2.0762,229.5100,149.3500,2026-10-07,-0.9039,True,1768219.0000,1479070.1000,1.1955,1.1955,False,-0.2768,0.1652,2.4950,False,yfinance
2026-10-08,RALLIS.NS,RALLIS,Rallis India Limited,Chemicals,Micro,LOW,confirmed,2026-10-08T15:27:48+05:30,2026-10-10T00:11:18+05:30,198.9600,199.7000,195.0500,195.7600,200.0300,-2.1347,315.0000,196.7600,2026-09-29,-0.8691,True,538125.0000,503417.8000,1.0689,1.0689,False,-0.5349,0.1527,1.4672,False,yfinance
2026-10-08,DCXINDIA.NS,DCXINDIA,DCX Systems Limited,Unclassified,Micro,LOW,confirmed,2026-10-08T15:27:48+05:30,2026-10-10T00:11:18+05:30,157.6100,158.6600,152.0000,153.5100,157.8800,-2.7679,253.4000,153.3000,2026-03-30,-0.8480,False,348701.0000,330883.6000,1.0538,1.0538,False,-0.1710,0.2267,-5.1011,False,yfinance
2026-10-08,PRSMJOHNSN.NS,PRSMJOHNSN,Prism Johnson Limited,Construction Materials,Micro,LOW,confirmed,2026-10-08T15:27:48+05:30,2026-10-10T00:11:18+05:30,100.1000,102.0000,96.3000,96.8700,100.7100,-3.8129,165.9000,97.1000,2026-08-10,-0.8239,True,242512.0000,386232.2000,0.6279,0.6279,False,-0.6057,0.1000,-7.1636,False,yfinance
2026-10-08,SAMBHAAV.NS,SAMBHAAV,Sambhaav Media Limited,Media Entertainment & Publication,Micro,LOW,not_confirmed,2026-10-08T15:27:48+05:30,2026-10-08T15:27:48+05:30,5.1400,6.0000,5.0200,5.6200,5.2500,7.0476,11.5300,5.0600,2026-10-06,-0.7905,False,20250.0000,46288.9000,0.4375,0.4400,False,-2.0952,0.6122,3.0393,False,yfinance
2026-10-08,DEVIT.NS,DEVIT,Dev Information Technology Limited,Information Technology,Micro,LOW,confirmed,2026-10-08T15:27:48+05:30,2026-10-10T00:11:18+05:30,19.5200,20.5500,19.1100,19.4700,19.9600,-2.4549,44.4400,19.2600,2026-10-07,-0.7788,False,98244.0000,45357.2500,2.1660,2.1660,True,-2.2044,0.2500,-13.2703,False,yfinance
2026-10-08,REPL.NS,REPL,Rudrabhishek Enterprises Limited,Services,Micro,LOW,not_confirmed,2026-10-08T15:27:48+05:30,2026-10-08T15:27:48+05:30,55.0000,60.2900,54.5800,55.2600,56.8300,-2.7626,154.4900,55.0000,2026-10-05,-0.7636,False,4578.0000,3456.4500,1.3245,1.3323,False,-3.2201,0.1191,-2.4240,False,yfinance
2026-10-08,JKLAKSHMI.NS,JKLAKSHMI,JK Lakshmi Cement Limited,Construction Materials,Micro,LOW,confirmed,2026-10-08T15:27:48+05:30,2026-10-10T00:11:18+05:30,471.6500,475.0000,461.4500,470.0000,471.6500,-0.3498,884.9500,465.0000,2026-10-05,-0.7634,False,117933.0000,133245.6000,0.8851,0.8851,False,0.0000,0.6310,-0.8181,False,yfinance
2026-10-08,EUREKAFORB.NS,EUREKAFORB,Eureka Forbes Limited,Unclassified,Micro,LOW,confirmed,2026-10-08T15:27:48+05:30,2026-10-10T00:11:18+05:30,353.0000,353.0000,338.0000,339.7500,351.7500,-3.4115,668.3000,340.6000,2026-10-05,-0.7634,True,185554.0000,210712.6500,0.8806,0.8806,False,0.3554,0.1167,-9.8518,False,yfinance
2026-10-08,CPL.NS,CPL,Captain Polyplast Limited,Unclassified,Micro,LOW,not_confirmed,2026-10-08T15:27:48+05:30,2026-10-08T15:27:48+05:30,61.9000,62.5000,59.5300,59.7600,62.1200,-3.7991,75.7400,59.9800,2026-10-01,-0.7503,True,42252.0000,,,,False,-0.3542,0.0774,,False,yfinance
2026-10-08,VEEGALAND.NS,VEEGALAND,Veegaland Developers Limited,Unclassified,Micro,LOW,not_confirmed,2026-10-08T15:27:48+05:30,2026-10-08T15:27:48+05:30,143.5000,143.5000,134.2100,137.0000,148.6400,-7.8310,154.0000,135.2000,2026-09-22,-0.7322,False,781085.0000,,,,False,-3.4580,0.3003,,False,yfinance
2026-10-08,COASTCORP.NS,COASTCORP,Coastal Corporation Limited,Fast Moving Consumer Goods,Micro,LOW,not_confirmed,2026-10-08T15:27:48+05:30,2026-10-08T15:27:48+05:30,36.9000,36.9100,34.0000,34.6400,36.1800,-4.2565,66.7000,34.2500,2025-10-06,-0.7299,False,96102.0000,68045.1500,1.4123,1.4206,False,1.9901,0.2199,-7.3713,False,yfinance
2026-10-08,LIBERTSHOE.NS,LIBERTSHOE,Liberty Shoes Limited,Textiles,Micro,LOW,confirmed,2026-10-08T15:27:48+05:30,2026-10-10T00:11:18+05:30,218.4500,218.4500,209.0000,210.1800,216.4800,-2.9102,348.7500,210.5000,2026-03-30,-0.7126,True,18127.0000,27842.5500,0.6511,0.6511,False,0.9100,0.1249,-2.6513,False,yfinance
2026-10-08,MARUTI.NS,MARUTI,Maruti Suzuki India Limited,Automobile and Auto Components,Large,LOW,confirmed,2026-10-08T15:27:48+05:30,2026-10-10T00:11:18+05:30,11433.0000,11463.0000,11225.0000,11228.0000,11450.0000,-1.9389,17370.0000,11305.0000,2026-10-01,-0.7077,True,431962.0000,426186.4000,1.0136,1.0136,False,-0.1485,0.0126,-5.4991,False,yfinance
2026-10-08,WATERBASE.NS,WATERBASE,Waterbase Limited,Unclassified,Micro,LOW,not_confirmed,2026-10-08T15:27:48+05:30,2026-10-08T15:27:48+05:30,45.8000,45.8000,43.2100,44.0300,44.8000,-1.7188,54.0000,43.5100,2026-10-06,-0.6895,False,9833.0000,,,,False,2.2321,0.3166,,False,yfinance
2026-10-08,AWHCL.NS,AWHCL,Antony Waste Handling Cell Limited,Capital Goods,Micro,LOW,confirmed,2026-10-08T15:27:48+05:30,2026-10-10T00:11:18+05:30,348.7000,348.7500,335.2500,339.2500,348.7000,-2.7101,605.0000,337.5500,2026-09-16,-0.6814,False,124721.0000,454655.5500,0.2743,0.2743,False,0.0000,0.2963,-1.9274,False,yfinance
2026-10-08,BATAINDIA.NS,BATAINDIA,Bata India Limited,Consumer Durables,Small,LOW,confirmed,2026-10-08T15:27:48+05:30,2026-10-10T00:11:18+05:30,617.1000,617.1000,601.0000,603.3500,615.1000,-1.9103,1238.0000,605.0000,2026-03-30,-0.6612,True,91894.0000,154557.8000,0.5946,0.5946,False,0.3252,0.1460,-3.3666,False,yfinance
2026-10-08,SWIGGY.NS,SWIGGY,Swiggy Limited,Consumer Services,Mid,LOW,confirmed,2026-10-08T15:27:48+05:30,2026-10-10T00:11:18+05:30,246.0000,247.2000,234.0000,234.9500,246.0000,-4.4919,459.9500,235.5000,2026-10-01,-0.6369,True,8382103.0000,15603153.3000,0.5372,0.5372,False,0.0000,0.0720,-8.5046,False,yfinance
2026-10-08,ITC.NS,ITC,ITC Limited,Fast Moving Consumer Goods,Large,LOW,confirmed,2026-10-08T15:27:48+05:30,2026-10-10T00:11:18+05:30,264.0000,264.6500,253.1500,255.0000,265.7000,-4.0271,426.4000,254.6500,2026-10-01,-0.5890,False,53680318.0000,15891822.1500,3.3779,3.3779,True,-0.6398,0.1609,3.2814,False,yfinance
2026-10-08,GOODYEAR.NS,GOODYEAR,Goodyear India Limited,Unclassified,Micro,LOW,confirmed,2026-10-08T15:27:48+05:30,2026-10-10T00:11:18+05:30,685.0500,688.8500,676.0000,677.0500,685.0500,-1.1678,1273.7000,680.0000,2026-10-07,-0.5882,True,3650.0000,4427.3000,0.8244,0.8244,False,0.0000,0.0817,-0.8478,True,yfinance
2026-10-08,CMSINFO.NS,CMSINFO,CMS Info Systems Limited,Services,Micro,LOW,confirmed,2026-10-08T15:27:48+05:30,2026-10-10T00:11:18+05:30,218.4300,221.9500,213.8600,214.3500,218.3700,-1.8409,393.3000,215.1200,2026-10-01,-0.5857,True,480125.0000,937926.5000,0.5119,0.5119,False,0.0275,0.0606,-3.8141,False,yfinance
2026-10-08,CRIZAC.NS,CRIZAC,Crizac Limited,Unclassified,Micro,LOW,confirmed,2026-10-08T15:27:48+05:30,2026-10-10T00:11:18+05:30,167.8000,167.8000,159.0200,159.9700,166.9100,-4.1579,333.0000,159.9500,2026-09-04,-0.5814,False,231178.0000,333252.1000,0.6937,0.6937,False,0.5332,0.1082,5.1627,False,yfinance
2026-10-08,MOIL.NS,MOIL,MOIL Limited,Metals & Mining,Micro,LOW,confirmed,2026-10-08T15:27:48+05:30,2026-10-10T00:11:18+05:30,236.0000,238.4900,228.7000,229.5800,236.4000,-2.8849,404.9000,230.0100,2026-10-01,-0.5695,True,506838.0000,517948.9000,0.9785,0.9785,False,-0.1692,0.0899,-0.6282,False,yfinance
2026-10-08,RAMCOCEM.NS,RAMCOCEM,The Ramco Cements Limited,Construction Materials,Small,LOW,confirmed,2026-10-08T15:27:48+05:30,2026-10-10T00:11:18+05:30,844.5500,844.6000,811.6000,817.9000,845.0000,-3.2071,1214.5000,816.1500,2026-10-01,-0.5575,False,68677.0000,221448.8500,0.3101,0.3101,False,-0.0533,0.1909,0.3569,False,yfinance
2026-10-08,UNITEDTEA.NS,UNITEDTEA,The United Nilgiri Tea Estates Company Limited,Unclassified,Micro,LOW,not_confirmed,2026-10-08T15:27:48+05:30,2026-10-08T15:27:48+05:30,424.0000,424.0000,403.0000,403.0000,415.9500,-3.1134,590.0000,405.2000,2026-09-30,-0.5429,True,2957.0000,2662.3500,1.1107,1.1172,False,1.9353,0.0000,-1.8423,False,yfinance
2026-10-08,FIEMIND.NS,FIEMIND,Fiem Industries Limited,Automobile and Auto Components,Micro,LOW,confirmed,2026-10-08T15:27:48+05:30,2026-10-10T00:11:18+05:30,1810.0000,1810.0000,1742.5000,1746.6000,1799.3000,-2.9289,2674.8000,1752.0000,2026-10-05,-0.5422,True,41058.0000,64817.2000,0.6334,0.6334,False,0.5947,0.0607,-9.0671,False,yfinance
2026-10-08,LKPSEC.NS,LKPSEC,LKP Securities Limited,Unclassified,Micro,LOW,not_confirmed,2026-10-08T15:27:48+05:30,2026-10-08T15:27:48+05:30,13.7000,13.9700,13.5500,13.7100,14.3000,-4.1259,18.4300,13.6200,2026-09-28,-0.5139,False,6451.0000,,,,False,-4.1958,0.3810,,False,yfinance
2026-10-08,PENINLAND.NS,PENINLAND,Peninsula Land Limited,Realty,Micro,LOW,confirmed,2026-10-08T15:27:48+05:30,2026-10-10T00:11:18+05:30,14.7800,14.7800,13.7500,14.6000,14.6600,-0.4093,37.6000,13.8200,2026-03-30,-0.5065,False,334859.0000,183421.6000,1.8256,1.8256,True,0.8186,0.8252,-3.2022,False,yfinance
2026-10-08,CCCL.NS,CCCL,Consolidated Construction Consortium Limited,Construction,Micro,LOW,confirmed,2026-10-08T15:27:48+05:30,2026-10-10T00:11:18+05:30,13.2000,13.2000,12.7000,12.7900,12.9900,-1.5396,27.6000,12.7600,2026-03-30,-0.4702,False,143389.0000,198579.0500,0.7221,0.7221,False,1.6166,0.1800,-3.0402,False,yfinance
2026-10-08,NILASPACES.NS,NILASPACES,Nila Spaces Limited,Realty,Micro,LOW,confirmed,2026-10-08T15:27:48+05:30,2026-10-10T00:11:18+05:30,11.3500,11.3700,10.7600,11.0100,11.3500,-2.9956,19.9700,10.8100,2026-10-05,-0.4625,False,555730.0000,1319124.4000,0.4213,0.4213,False,0.0000,0.4098,-3.4683,False,yfinance
2026-10-08,SGLRES.NS,SGLRES,SGL Resources Limited,Unclassified,Micro,LOW,not_confirmed,2026-10-08T15:27:48+05:30,2026-10-08T15:27:48+05:30,2.2400,2.3900,2.1600,2.3500,2.2600,3.9823,2.7400,2.1700,2026-10-06,-0.4608,False,31395.0000,,,,False,-0.8850,0.8261,,False,yfinance
2026-10-08,DHANUKA.NS,DHANUKA,Dhanuka Agritech Limited,Unclassified,Micro,LOW,confirmed,2026-10-08T15:27:48+05:30,2026-10-10T00:11:18+05:30,895.8500,907.0000,885.5500,893.3500,891.8000,0.1738,1620.4000,889.6000,2026-03-30,-0.4553,False,26889.0000,23441.7000,1.1471,1.1471,False,0.4541,0.3636,-6.2261,False,yfinance
2026-10-08,IEX.NS,IEX,Indian Energy Exchange Limited,Financial Services,Small,LOW,confirmed,2026-10-08T15:27:48+05:30,2026-10-10T00:11:18+05:30,105.7100,106.3300,103.5000,103.7500,105.8500,-1.9839,160.2700,103.9400,2026-10-05,-0.4233,True,3581560.0000,3597488.8500,0.9956,0.9956,False,-0.1323,0.0883,-5.1950,False,yfinance
2026-10-08,ITI.NS,ITI,ITI Limited,Telecommunication,Small,LOW,confirmed,2026-10-08T15:27:48+05:30,2026-10-10T00:11:18+05:30,245.2500,245.3900,236.1500,237.1800,245.8400,-3.5226,372.8500,237.0000,2026-03-30,-0.3587,False,121820.0000,212135.6000,0.5743,0.5743,False,-0.2400,0.1115,-5.8432,False,yfinance
2026-10-08,SKFINDIA.NS,SKFINDIA,SKF India Limited,Capital Goods,Micro,LOW,confirmed,2026-10-08T15:27:48+05:30,2026-10-10T00:11:18+05:30,1428.0000,1432.9000,1399.0000,1407.7000,1428.9000,-1.4837,5074.0000,1404.0000,2026-03-30,-0.3561,False,45781.0000,56950.4500,0.8039,0.8039,False,-0.0630,0.2566,-2.4738,False,yfinance
2026-10-08,TORNTPOWER.NS,TORNTPOWER,Torrent Power Limited,Power,Mid,LOW,not_confirmed,2026-10-08T15:27:48+05:30,2026-10-08T15:27:48+05:30,1231.4000,1232.7000,1195.0000,1212.0000,1234.9000,-1.8544,1824.1000,1199.0000,2026-09-01,-0.3336,False,386013.0000,194121.2500,1.9885,2.0002,True,-0.2834,0.4509,2.3890,False,yfinance
2026-10-08,HAPPSTMNDS.NS,HAPPSTMNDS,Happiest Minds Technologies Limited,Information Technology,Micro,LOW,confirmed,2026-10-08T15:27:48+05:30,2026-10-10T00:11:18+05:30,304.6000,315.6000,299.0000,300.2000,304.6000,-1.4445,535.9500,300.0000,2026-10-01,-0.3333,False,1112264.0000,665517.9500,1.6713,1.6713,True,0.0000,0.0723,-6.0984,False,yfinance
2026-10-08,AJOONI.NS,AJOONI,Ajooni Biotech Limited,Fast Moving Consumer Goods,Micro,LOW,not_confirmed,2026-10-08T15:27:48+05:30,2026-10-08T15:27:48+05:30,3.0000,3.0700,2.9900,3.0100,3.0800,-2.2727,5.5000,3.0000,2026-10-05,-0.3333,False,245803.0000,314499.4500,0.7816,0.7862,False,-2.5974,0.2500,-6.7826,False,yfinance
2026-10-08,LATENTVIEW.NS,LATENTVIEW,Latent View Analytics Limited,Information Technology,Micro,LOW,confirmed,2026-10-08T15:27:48+05:30,2026-10-10T00:11:18+05:30,231.0000,245.0000,228.3700,230.2600,230.0800,0.0782,517.5000,229.1000,2026-10-07,-0.3186,False,1565857.0000,516853.6500,3.0296,3.0296,True,0.3999,0.1136,-5.5066,False,yfinance
2026-10-08,INNOVANA.NS,INNOVANA,Innovana Thinklabs Limited,Unclassified,Micro,LOW,confirmed,2026-10-08T15:27:48+05:30,2026-10-10T00:11:18+05:30,287.4500,290.7500,278.3500,283.2000,289.9000,-2.3111,524.9500,279.2000,2026-10-01,-0.3044,False,25642.0000,41353.8500,0.6201,0.6201,False,-0.8451,0.3911,0.3908,False,yfinance
2026-10-08,SUMMITSEC.NS,SUMMITSEC,Summit Securities Limited,Financial Services,Micro,LOW,confirmed,2026-10-08T15:27:48+05:30,2026-10-10T00:11:18+05:30,1310.0000,1330.8000,1297.2000,1305.0000,1320.4000,-1.1663,2495.0000,1301.0000,2026-10-01,-0.2921,False,3943.0000,2782.7500,1.4169,1.4169,False,-0.7876,0.2321,-1.5785,False,yfinance
2026-10-08,SHILGRAVQ.NS,SHILGRAVQ,Shilp Gravures Limited,Unclassified,Micro,LOW,not_confirmed,2026-10-08T15:27:48+05:30,2026-10-08T15:27:48+05:30,142.7500,146.9900,136.6000,142.0100,145.3100,-2.2710,179.7000,137.0000,2026-10-05,-0.2920,False,2962.0000,,,,False,-1.7618,0.5207,,False,yfinance
2026-10-08,TIRUMALCHM.NS,TIRUMALCHM,Thirumalai Chemicals Limited,Chemicals,Micro,LOW,confirmed,2026-10-08T15:27:48+05:30,2026-10-10T00:11:18+05:30,147.9000,148.0000,141.0000,142.8400,147.9100,-3.4278,293.9000,141.4000,2026-10-05,-0.2829,False,247640.0000,470254.8500,0.5266,0.5266,False,-0.0068,0.2629,-1.3261,False,yfinance
2026-10-08,ADROITIND.NS,ADROITIND,Adroit Industries (India) Limited,Automobile and Auto Components,Micro,LOW,not_confirmed,2026-10-08T15:27:48+05:30,2026-10-08T15:27:48+05:30,215.1000,218.9900,212.4500,212.4500,212.9900,-0.2535,258.8000,212.9900,2026-10-06,-0.2535,True,245514.0000,,,,False,0.9907,0.0000,,False,yfinance
2026-10-08,UGROCAP.NS,UGROCAP,Ugro Capital Limited,Financial Services,Micro,LOW,confirmed,2026-10-08T15:27:48+05:30,2026-10-10T00:11:18+05:30,81.2900,81.2900,79.0000,79.7200,81.2800,-1.9193,192.5000,79.2000,2026-09-29,-0.2525,False,114480.0000,177533.3500,0.6448,0.6448,False,0.0123,0.3144,-0.1657,False,yfinance
2026-10-08,HPL.NS,HPL,HPL Electric & Power Limited,Unclassified,Micro,LOW,confirmed,2026-10-08T15:27:48+05:30,2026-10-10T00:11:18+05:30,266.0000,267.1000,255.0000,256.4500,266.3000,-3.6988,479.9000,255.5500,2026-03-30,-0.2152,False,107096.0000,91075.5000,1.1759,1.1759,False,-0.1127,0.1198,-8.4489,False,yfinance
2026-10-08,LAOPALA.NS,LAOPALA,La Opala RG Limited,Consumer Durables,Micro,LOW,confirmed,2026-10-08T15:27:48+05:30,2026-10-10T00:11:18+05:30,155.5000,156.2000,152.7100,153.9800,155.0400,-0.6837,250.9000,153.0100,2026-09-29,-0.1961,False,77178.0000,153916.3000,0.5014,0.5014,False,0.2967,0.3639,-3.9488,False,yfinance
2026-10-08,KPEL.NS,KPEL,K.P. Energy Limited,Construction,Micro,LOW,confirmed,2026-10-08T15:27:48+05:30,2026-10-10T00:11:18+05:30,214.2200,214.2200,206.2000,206.8700,212.8900,-2.8278,463.2500,206.5200,2026-09-16,-0.1550,False,201029.0000,338820.0000,0.5933,0.5933,False,0.6247,0.0835,-7.9563,False,yfinance
2026-10-08,SUNRAKSHAK.NS,SUNRAKSHAK,Sunrakshakk Industries India Limited,Unclassified,Micro,LOW,not_confirmed,2026-10-08T15:27:48+05:30,2026-10-08T15:27:48+05:30,361.1500,362.1000,349.6000,353.0000,356.7500,-1.0512,382.4000,350.0000,2026-10-05,-0.1143,False,5782.0000,,,,False,1.2334,0.2720,,False,yfinance
2026-10-08,NILE.NS,NILE,Nile Limited,Unclassified,Micro,LOW,not_confirmed,2026-10-08T15:27:48+05:30,2026-10-08T15:27:48+05:30,1265.0000,1294.0000,1202.3000,1233.0000,1238.0000,-0.4039,2018.9000,1203.5000,2026-09-30,-0.0997,False,5611.0000,,,,False,2.1809,0.3348,,False,yfinance
2026-10-08,TRF.NS,TRF,TRF Limited,Capital Goods,Micro,LOW,confirmed,2026-10-08T15:27:48+05:30,2026-10-10T00:11:18+05:30,199.5000,199.5000,191.0000,191.7800,198.0200,-3.1512,404.9000,191.1900,2026-10-01,-0.0994,False,13862.0000,14284.3000,0.9704,0.9704,False,0.7474,0.0918,-11.9294,False,yfinance
2026-10-08,SUNSHIEL.NS,SUNSHIEL,Sunshield Chemicals Limited,Unclassified,Micro,LOW,not_confirmed,2026-10-08T15:27:48+05:30,2026-10-08T15:27:48+05:30,1090.1000,1117.4000,1025.0000,1055.0000,1047.4000,0.7256,1284.8000,1025.7000,2026-10-01,-0.0682,False,1861.0000,,,,False,4.0768,0.3247,,False,yfinance
2026-10-08,SOLEX.NS,SOLEX,Solex Energy Limited,Power,Micro,LOW,confirmed,2026-10-08T15:27:48+05:30,2026-10-10T00:11:18+05:30,680.2000,680.2000,651.0000,653.1500,670.1500,-2.5367,1985.0000,651.2000,2026-09-10,-0.0307,False,42226.0000,101045.1500,0.4179,0.4179,False,1.4997,0.0736,-2.5818,False,yfinance
2026-10-08,MALLCOM.NS,MALLCOM,Mallcom (India) Limited,Capital Goods,Micro,LOW,confirmed,2026-10-08T15:27:48+05:30,2026-10-10T00:11:18+05:30,900.0000,909.7500,892.0000,900.8500,902.1000,-0.1386,1520.0000,892.2000,2026-10-06,-0.0224,False,1740.0000,3205.8500,0.5428,0.5428,False,-0.2328,0.4986,-1.3154,False,yfinance
2026-10-08,ESSENTIA.NS,ESSENTIA,Integra Essentia Limited,Unclassified,Micro,LOW,confirmed,2026-10-08T15:27:48+05:30,2026-10-10T00:11:18+05:30,1.0100,1.0200,1.0000,1.0000,1.0000,0.0000,2.0800,1.0000,2026-09-29,0.0000,True,1493223.0000,2119088.4000,0.7047,0.7047,False,1.0000,0.0000,-2.5837,False,yfinance
2026-10-08,KARMAENG.NS,KARMAENG,Karma Energy Limited,Power,Micro,LOW,confirmed,2026-10-08T15:27:48+05:30,2026-10-10T00:11:18+05:30,35.0000,35.4200,34.0000,34.5100,34.8600,-1.0040,66.2500,34.0000,2026-10-05,0.0000,False,4388.0000,15736.2500,0.2788,0.2788,False,0.4016,0.3592,-0.9727,False,yfinance
2026-10-08,LEXUS.NS,LEXUS,Lexus Granito (India) Limited,Unclassified,Micro,LOW,confirmed,2026-10-08T15:27:48+05:30,2026-10-10T00:11:18+05:30,9.8900,9.8900,9.0000,9.7000,9.4800,2.3207,39.2500,9.0000,2026-10-07,0.0000,False,74806.0000,40463.0500,1.8487,1.8487,True,4.3249,0.7865,-20.9966,False,yfinance
2026-10-08,MITTAL.NS,MITTAL,Mittal Life Style Limited,Textiles,Micro,LOW,confirmed,2026-10-08T15:27:48+05:30,2026-10-10T00:11:18+05:30,0.7300,0.7300,0.6800,0.6900,0.7200,-4.1667,1.6200,0.6800,2026-10-01,0.0000,False,1326303.0000,1980862.1500,0.6696,0.6696,False,1.3889,0.2000,-18.4928,False,yfinance
2026-10-08,MRF.NS,MRF,MRF Limited,Automobile and Auto Components,Mid,LOW,confirmed,2026-10-08T15:27:48+05:30,2026-10-10T00:11:18+05:30,123585.0000,123585.0000,122000.0000,122465.0000,123075.0000,-0.4956,163600.0000,122000.0000,2026-05-29,0.0000,False,2651.0000,3041.3000,0.8717,0.8717,False,0.4144,0.2934,1.5223,False,yfinance
2026-10-08,SECURKLOUD.NS,SECURKLOUD,SECUREKLOUD TECHNOLOGIES LIMITED,Unclassified,Micro,LOW,confirmed,2026-10-08T15:27:48+05:30,2026-10-10T00:11:18+05:30,15.4100,15.9700,14.5000,15.1700,15.3400,-1.1082,34.1800,14.5000,2026-10-07,0.0000,False,12600.0000,24222.0500,0.5202,0.5202,False,0.4563,0.4558,-4.8830,False,yfinance
2026-10-08,THEINVEST.NS,THEINVEST,The Investment Trust Of India Limited,Financial Services,Micro,LOW,confirmed,2026-10-08T15:27:48+05:30,2026-10-10T00:11:18+05:30,92.4000,92.7900,89.0000,90.7200,90.2000,0.5765,152.9900,89.0000,2026-03-30,0.0000,False,5391.0000,5707.4500,0.9446,0.9446,False,2.4390,0.4538,-0.8174,False,yfinance
2026-10-08,TRIDENT.NS,TRIDENT,Trident Limited,Textiles,Small,LOW,confirmed,2026-10-08T15:27:48+05:30,2026-10-10T00:11:18+05:30,22.1600,22.3200,21.8000,21.8300,22.3100,-2.1515,30.9400,21.8000,2026-10-05,0.0000,False,3000810.0000,2955045.1500,1.0155,1.0155,False,-0.6723,0.0577,-2.4586,False,yfinance
2026-10-08,VSTIND.NS,VSTIND,VST Industries Limited,Fast Moving Consumer Goods,Micro,LOW,confirmed,2026-10-08T15:27:48+05:30,2026-10-10T00:11:18+05:30,201.3400,203.1000,200.0000,200.8600,201.3300,-0.2334,286.7800,200.0000,2026-03-30,0.0000,False,108251.0000,111518.4000,0.9707,0.9707,False,0.0050,0.2774,3.5597,False,yfinance
